seqn,edad,hombre,fc,peso,imc,sueno,phq9,fumador,fumadorConocido,evento
130379,66,1,72,101.8,33.5,9,1,0,1,0
130380,44,0,84,69.4,29.7,8,2,0,1,0
130386,34,1,59,90.6,30.2,7.5,1,0,1,0
130387,68,0,80,103.5,42.6,3,0,0,1,0
130389,59,1,58,79.8,28,8,0,0,1,0
130391,33,0,97,116.3,38.9,7.5,24,1,1,0
130392,74,0,59,98.7,43,9,1,0,1,0
130393,39,1,64,142,46.1,7,2,0,1,0
130394,51,1,78,76.7,24.4,8,0,0,1,0
130395,33,0,74,138.4,54.6,7.5,14,0,1,0
130396,56,0,63,65.6,27.3,8.5,7,0,1,0
130397,67,0,77,130.2,49.7,8,8,0,1,1
130398,47,1,58,73.1,28.7,5.5,0,0,1,0
130399,68,1,55,70.8,22.7,8,1,0,1,0
130400,26,1,108,73.6,28.6,9.5,2,0,0,0
130404,73,0,68,75.9,25.7,8.5,4,0,1,0
130406,26,0,79,69,25.1,8.5,2,1,1,0
130407,73,0,68,67.2,28.1,7.5,0,0,1,0
130408,80,1,58,55,21.4,14,22,0,1,0
130409,68,1,72,86.7,26.5,9,0,0,1,0
130413,67,0,70,75.5,36.1,7.5,10,0,1,0
130415,61,0,89,96.4,41.3,10,12,0,1,0
130416,59,0,67,78.2,32.9,6.5,1,0,1,0
130418,53,1,66,93.2,30.7,7,9,0,1,1
130422,66,1,70,77.5,26.8,7.5,0,0,1,0
130425,68,0,89,95.8,38.4,8,3,0,1,0
130426,67,1,71,69.5,27.2,6,11,1,1,1
130430,27,0,62,63,22.2,7,2,0,1,0
130434,54,1,96,160.2,49.7,8,3,0,1,1
130436,50,1,62,94,31.9,7.5,0,0,1,0
130437,43,0,70,92.3,37,7.5,6,0,1,0
130438,63,1,64,70.5,24.8,7.5,0,0,1,0
130441,33,0,56,56.9,21.2,8,2,0,1,0
130442,43,1,86,124.2,42.6,7,13,0,1,0
130443,41,1,69,87.6,24.9,6.5,1,0,1,0
130444,77,0,77,95,34.6,7,0,0,1,0
130449,26,0,63,99.6,34.6,8.5,8,0,1,0
130450,54,1,73,97,36.3,8,4,0,1,1
130453,70,1,70,121.4,34.5,5,9,0,1,0
130456,24,0,77,57,22,9,7,0,1,0
130457,38,0,59,57,23,8.5,14,0,1,0
130461,71,0,98,99.9,38.7,9,3,0,1,0
130465,77,1,75,108.3,37.9,8.5,0,0,1,1
130473,26,0,74,56.5,22.6,8,2,0,1,0
130474,55,0,63,56.4,20.7,8.5,2,0,1,0
130477,50,1,77,68.2,24,7,10,0,1,0
130478,69,0,68,38.2,16.7,10,4,0,1,0
130484,22,0,74,101.7,37.3,9,1,0,1,0
130489,57,1,67,75.1,29,7.5,0,0,1,0
130491,69,0,71,98.7,36.6,6,11,1,1,1
130493,72,0,72,89.9,35,8,0,0,1,1
130494,73,0,60,82.5,29.6,8,1,0,1,0
130495,60,1,73,90.9,32.2,10,1,1,1,0
130497,74,1,78,92.4,32.4,5,0,0,1,0
130500,60,0,71,79.4,30.6,7,5,0,1,0
130502,71,1,75,79.2,25.3,7.5,0,0,1,0
130503,75,1,70,135.1,45.2,8,3,0,1,0
130506,22,0,73,65.6,22.7,7.5,4,0,1,0
130508,69,0,91,60.5,22.9,7.5,0,1,1,0
130509,51,0,111,119.4,42.7,5.5,6,0,1,0
130515,54,0,62,59.8,24.2,8.5,0,0,1,0
130520,29,1,67,74.7,24.4,8.5,4,0,1,0
130522,58,1,69,83.2,28.3,8.5,2,1,1,1
130523,61,0,71,57.3,19.9,7.5,3,0,1,0
130525,70,1,65,75.1,22.6,8,1,0,1,0
130527,79,1,63,68.9,27.4,8,0,0,1,0
130530,69,0,73,64.3,22.1,7,3,0,1,0
130533,80,1,86,100.8,33.5,9,4,0,1,1
130537,62,1,60,79.7,27,8,0,0,1,0
130538,63,1,49,82,31,7,0,0,1,0
130540,31,0,90,159,56.3,7,20,0,1,0
130541,30,0,84,59.4,21.7,8,5,0,1,0
130545,32,1,53,85.4,25.2,5.5,3,0,1,0
130546,24,1,56,58,19.8,9,7,0,1,0
130550,66,0,75,61.3,23.7,7.5,2,0,1,0
130552,54,0,86,92.3,33.6,6,4,0,1,0
130553,28,0,70,85,31,9,6,0,1,0
130555,64,1,60,87.7,27.1,8,1,0,1,0
130557,62,1,92,102.6,35.8,9,10,0,1,1
130558,69,1,88,83.1,28.2,6,0,1,1,0
130559,66,1,58,79.1,24.5,8.5,0,0,1,0
130563,78,1,85,72.9,24.7,4,9,0,1,0
130566,66,1,74,89.9,33.4,8,3,0,1,0
130568,80,0,62,77.2,29.7,8.5,8,0,1,0
130569,47,0,62,54.4,23.1,7,0,0,1,0
130570,56,1,66,94.5,36.9,8,3,0,1,0
130571,77,0,68,73.5,29.5,6.5,0,0,1,1
130574,20,0,67,54.5,21.8,10,3,0,1,0
130576,50,1,64,90.7,32.1,8,3,0,1,0
130577,61,0,67,91.2,32.4,6,0,0,1,0
130578,51,0,57,83.9,29.2,5,1,0,1,0
130579,80,1,61,78.5,27.1,9,0,0,1,1
130580,51,1,83,89.6,27.1,6.5,0,0,1,0
130582,32,1,70,100.7,31.6,7.5,7,0,1,0
130585,60,1,60,94.1,33.1,9,0,0,1,0
130590,51,0,70,68.1,29.7,7,0,1,1,0
130593,79,1,68,98.2,31.8,7,3,0,1,1
130596,66,0,90,91.9,36.2,6,8,0,1,0
130598,60,1,72,81.1,27.6,8.5,5,0,1,0
130599,54,0,84,110.3,50.2,5,9,0,1,0
130600,42,1,69,86.7,28,8.5,0,1,1,0
130601,56,0,91,64.3,24.1,7.5,2,0,1,0
130606,29,0,80,95.6,35.8,8.5,4,0,1,0
130607,36,0,71,99.4,38.4,7.5,12,0,1,0
130609,40,0,50,55.8,23.6,9,2,0,1,0
130611,70,0,72,66.6,27.7,7,1,0,1,0
130616,43,1,89,85.8,29.4,5,24,1,1,0
130617,36,0,80,54.9,22.1,8,1,0,1,0
130619,27,1,57,81.7,26.4,8,0,0,1,0
130621,68,1,63,95.5,30,7,7,0,1,0
130623,46,0,71,78.2,26.4,7.5,2,0,1,0
130627,73,1,71,101.3,31.9,10,8,0,1,0
130628,22,1,59,66.9,19.7,7,0,1,1,0
130629,73,1,67,82.7,26.8,8.5,2,0,1,0
130634,51,0,77,62.4,22.6,8.5,2,0,1,0
130636,57,0,64,47.7,20.1,8.5,0,0,1,0
130637,61,1,76,90.8,30.4,6.5,1,0,1,0
130640,31,0,97,77.2,31.8,6.5,0,0,1,0
130642,43,1,84,92,31.5,7.5,11,0,1,0
130643,73,1,52,76.6,29,7,0,0,1,0
130644,30,0,68,77.4,32.9,10,1,0,1,0
130645,47,0,67,55.4,19.1,7.5,0,0,1,0
130646,79,0,79,96.1,36.8,7.5,1,0,1,0
130647,65,1,74,183.9,56.3,9,4,0,1,1
130651,80,0,63,74.1,28.4,8,4,0,1,0
130652,34,1,78,68.4,23.3,9.5,0,0,1,0
130654,72,0,88,70.8,26.2,6,0,0,1,0
130655,69,1,63,74.2,25.3,7.5,0,0,1,0
130656,64,0,58,83.4,33.6,7,9,0,1,0
130658,69,1,78,108.9,33.3,8,0,0,1,0
130662,52,0,60,75,30.9,7.5,2,1,1,1
130663,76,0,60,70.9,25.9,9,3,0,1,0
130665,55,0,83,56.8,23.4,11,7,1,1,0
130667,36,1,55,79.6,24.4,4,0,1,1,0
130670,70,0,68,96.2,41.5,8.5,4,0,1,0
130671,25,0,89,80.4,29,8,12,0,1,0
130674,68,0,67,55.5,21.7,7.5,2,1,1,0
130676,25,0,65,54.7,21.9,7.5,1,0,1,0
130683,62,0,58,62.4,24.8,7.5,2,1,1,0
130686,58,1,81,78.8,26.9,7,0,1,1,0
130687,73,1,60,82.8,27.4,8,6,0,1,1
130688,72,0,76,86.9,34.3,5.5,3,0,1,0
130692,44,0,78,87.9,30.3,4.5,10,1,1,0
130697,20,0,93,58.4,21.4,8,1,0,1,0
130701,33,0,101,50.3,19.8,7,2,0,1,0
130703,51,0,89,99.9,39.2,6,8,1,1,0
130705,64,1,74,125.2,38.1,7.5,0,0,1,0
130707,22,0,62,54.8,18.6,7.5,8,0,1,0
130708,58,0,70,67.5,27.6,10,6,0,1,0
130710,77,0,95,71.9,24.6,9.5,1,0,1,0
130711,28,0,64,63.4,21.5,8,4,0,1,0
130713,69,1,59,76,25.2,7,2,0,1,1
130715,48,1,67,75.2,24.6,9,12,1,1,0
130717,68,0,85,77.4,28.5,7.5,0,0,1,0
130718,65,1,62,93.7,33,6,5,0,1,0
130720,46,0,67,60.4,23.8,8.5,3,0,1,1
130722,62,0,61,103.1,35.6,6,5,0,1,0
130723,76,1,69,74.1,29.7,7,1,0,1,0
130730,76,0,67,76.7,27.7,8.5,0,0,1,0
130734,40,1,66,93.2,27.3,5,8,0,1,0
130739,64,1,57,78.8,30.1,8,0,0,1,0
130742,62,0,79,109,40.4,8,2,0,1,0
130743,80,1,51,55.9,19.9,9,1,0,1,1
130744,33,0,79,117,41.8,8.5,8,0,1,0
130745,38,0,72,70.7,30.5,6,1,0,1,0
130746,45,0,87,99.9,40.1,7,0,1,1,0
130752,68,0,62,68.1,26.9,11,13,1,1,1
130754,62,1,88,97.4,31.6,7.5,7,0,1,1
130760,36,1,90,67.1,21.4,7.5,0,0,1,0
130761,43,0,94,57.5,21.9,6.5,10,1,1,0
130762,28,0,70,61.4,23.3,8.5,0,0,1,0
130766,80,1,73,90.4,30.5,9,0,0,1,0
130767,70,0,68,70.5,30.4,10,0,0,1,0
130768,71,0,65,55,22.9,8,4,0,1,0
130769,22,1,75,80.7,23.5,8,0,0,1,0
130774,50,0,85,70,29.8,9,15,1,1,0
130775,67,1,48,94.6,28,7,1,0,1,0
130776,40,0,60,61.8,28,7,6,0,1,0
130777,30,1,78,90,26,14,0,0,1,0
130780,58,0,77,82.8,29.3,4,2,1,1,0
130782,43,1,56,69,23,8,0,0,1,0
130785,33,1,63,69,21,10,7,1,1,0
130786,73,0,65,76.6,24.3,8,2,0,1,0
130788,39,1,52,74.2,21.1,8,3,0,1,0
130791,52,0,71,98.4,36.8,6,10,0,1,0
130793,71,1,64,90.9,31,7.5,3,0,1,0
130796,47,1,85,76.5,26.5,6.5,7,1,1,0
130797,73,1,53,88.7,29.1,7.5,6,0,1,1
130799,47,0,60,113.1,42.7,7,3,0,1,1
130800,28,0,59,48.4,20.5,8,2,0,1,0
130801,56,1,85,59.9,20.7,8,12,1,1,0
130802,63,0,59,64.1,23,8,1,0,1,0
130805,35,0,96,153.5,56.9,7.5,4,0,1,0
130807,60,0,56,53.6,20.9,10,11,1,1,0
130810,69,1,61,68.8,23.8,7.5,0,1,1,0
130811,59,1,64,72.7,25.5,10,1,0,1,0
130818,36,0,55,170.5,51.1,7.5,13,0,1,0
130826,79,0,75,109.1,45,6.5,1,0,1,0
130827,33,1,65,92.5,29.8,8,2,0,1,0
130828,22,0,97,89.1,30.3,9,3,0,1,0
130829,73,0,67,75.4,30.2,8.5,1,0,1,0
130830,62,1,63,76,24.3,6.5,0,0,1,0
130833,42,0,82,48,18.4,8,2,0,1,0
130834,30,1,75,80.9,28.7,9,8,1,1,0
130835,45,0,75,60.3,21.6,10,4,0,1,0
130836,61,1,93,121.6,35.2,6,13,0,1,0
130838,60,1,54,92.3,29.6,5.5,1,0,1,1
130841,79,0,74,75.2,28.5,9,0,0,1,0
130842,27,1,89,145,47.3,6,6,0,1,0
130843,46,1,68,71.5,21.5,8,7,1,1,0
130845,72,1,64,89,28.8,7.5,2,0,1,0
130847,74,1,67,97.3,33.7,6.5,0,0,1,0
130848,33,0,76,66.7,24.5,10,4,0,1,0
130856,80,1,68,81.1,28.6,8,1,0,1,1
130861,78,0,76,66.2,29.1,8,0,0,1,1
130864,52,1,57,98.5,31.4,6.5,5,1,1,1
130865,65,0,48,67.7,23.8,8.5,0,0,1,1
130867,49,0,74,80,34.2,10.5,19,0,1,0
130868,23,1,54,70.8,24.8,8,4,0,1,0
130871,65,0,78,92.4,39.4,11,16,0,1,1
130875,71,1,70,80.8,28.2,10,1,0,1,0
130880,67,1,62,103.3,33.7,8.5,1,0,1,0
130881,46,0,82,80.7,28.3,7,4,0,1,0
130882,60,1,55,123.1,34.8,6,0,0,1,1
130883,40,0,75,56.6,24.7,6,0,0,1,0
130884,64,0,80,91.4,32.4,8.5,7,0,1,0
130892,70,0,59,139.7,48.9,8,0,0,1,0
130893,46,0,59,66.7,24.7,8,7,0,1,0
130895,34,0,92,55.5,21.5,8.5,7,0,1,0
130897,29,1,64,110.3,36.9,7,4,0,1,0
130899,51,0,63,106.2,38.2,7,12,0,1,0
130900,49,0,52,49.3,22.3,8,2,0,1,0
130901,79,0,59,69.2,29.8,8,2,0,1,0
130904,28,1,84,86.1,27.3,8.5,0,1,1,0
130910,32,1,57,95.7,31.4,6,7,0,1,0
130911,67,0,67,40.1,18.4,8.5,3,0,1,0
130913,37,1,73,114.5,37,6.5,8,0,1,0
130915,31,1,65,69.3,22.8,7,2,0,1,0
130918,44,1,81,77.8,25.4,7,3,0,1,0
130920,52,0,81,148,49.9,11,2,0,1,0
130921,37,1,76,66.3,20.3,6,16,1,1,0
130922,44,0,89,95.5,35.2,7,5,0,1,0
130923,77,0,83,101.8,38.7,7,0,0,1,0
130926,66,0,69,69.6,32.7,5.5,2,0,1,0
130931,61,1,72,119.2,37.4,7.5,1,0,1,0
130932,49,1,64,105.8,32,6,8,0,1,0
130933,23,1,75,72.6,25.4,6.5,3,0,1,0
130934,37,1,60,109.4,35.4,7,2,0,1,0
130935,32,1,78,72.3,23.2,6,3,1,1,0
130936,63,0,77,68.7,25.4,8,2,0,1,0
130939,33,0,85,75.8,27.6,8.5,0,0,1,0
130941,45,0,71,89.3,28.1,8.5,0,0,1,0
130942,65,1,55,78.1,26.8,8,1,1,1,0
130943,70,0,66,96.3,37.9,11,9,0,1,1
130944,30,0,76,90.8,35.2,5,7,0,1,0
130945,80,0,69,57.3,27.3,4.5,2,0,1,0
130950,60,0,62,113.2,37.8,8,7,0,1,0
130951,27,0,76,78.3,30.7,6.5,2,0,1,0
130952,32,1,50,92.4,29.2,8,8,0,1,0
130960,69,0,90,70.3,27.8,8.5,0,0,1,0
130961,29,1,59,60.5,17.9,7,2,0,1,0
130964,58,0,67,80.2,27.2,7,13,0,1,0
130966,51,0,66,51.2,19.9,8,0,0,1,0
130968,35,0,74,99.9,37,8,6,0,1,0
130972,37,0,74,142.2,50.7,7.5,10,0,1,0
130974,43,1,61,83.2,28.9,10,0,1,1,0
130975,34,1,94,77.9,25.1,7,7,0,1,0
130977,59,1,68,89.5,28,8.5,1,0,1,0
130978,75,1,65,113.1,33,8,4,0,1,0
130980,71,1,55,109,37.9,11,6,0,1,0
130981,51,0,74,73,27.9,9,0,0,1,0
130982,71,0,56,90.3,34.3,10,2,0,1,1
130983,50,0,68,99.1,40.8,7,9,0,1,0
130985,23,1,88,83.6,25.8,7.5,10,0,1,0
130992,28,1,88,176.6,56.4,6,4,0,1,0
130995,33,0,60,91.9,40.8,4.5,3,1,1,0
131001,23,0,79,55.7,20.4,7.5,5,0,1,0
131002,63,0,65,58.1,23,8,0,0,1,0
131005,64,1,75,99,30.1,8,0,0,1,0
131006,34,0,79,102.1,35.5,7.5,0,0,1,0
131007,67,0,67,70.1,29.3,4,3,1,1,0
131010,73,0,54,49,19.9,6,8,0,1,0
131014,73,1,75,80.6,27.4,7.5,0,0,1,1
131017,36,0,64,52.9,19.8,8.5,1,0,1,0
131023,66,0,68,66.9,26.8,8.5,0,0,1,0
131024,63,1,62,95.2,27.6,7,0,0,1,0
131025,29,0,107,65.7,24.2,6,11,0,1,0
131031,25,0,69,68.2,24,7.5,0,0,1,0
131033,63,0,88,55.1,22.6,7,0,0,1,0
131041,80,1,64,66.7,21.5,9,12,0,1,0
131042,60,0,59,75.6,26.2,6.5,12,0,1,0
131044,64,0,66,64.5,23.2,8,0,0,1,0
131046,43,1,69,82.4,23.8,9,4,1,1,0
131050,75,1,71,65.3,25.4,8,1,0,1,0
131051,62,1,58,77.2,24.2,9.5,2,1,1,0
131053,58,0,88,103.9,37.8,4.5,8,0,1,0
131054,56,1,70,68.3,21.6,3.5,3,1,1,0
131056,35,0,71,83.7,29.7,7,8,1,1,0
131058,55,1,60,84,28.2,6,0,0,1,0
131059,70,1,55,77.2,28.1,8.5,0,0,1,0
131060,36,0,62,112.6,39.1,6,21,0,1,0
131061,72,1,69,82.1,29.3,7.5,0,0,1,0
131063,37,0,69,88.8,35.4,9.5,2,0,1,0
131065,65,1,70,73.2,28.1,8,0,1,1,0
131066,60,1,69,98,28.9,7,0,0,1,0
131070,39,1,69,86.1,27.2,6.5,0,0,1,0
131073,63,1,58,123.9,40.5,7,1,0,1,0
131079,38,1,76,108.1,32.5,9,5,0,1,0
131082,31,0,67,106.1,41.4,8.5,5,1,1,0
131083,52,0,74,98.6,40.7,8,9,1,1,1
131084,36,0,82,64.7,25.3,6,0,0,1,0
131085,80,1,60,81.9,27.3,8.5,4,0,1,0
131093,36,1,79,112.7,37.6,5,4,1,1,0
131094,26,0,86,75.5,26.7,6.5,5,0,1,0
131098,65,0,73,54.8,27.2,8,1,0,1,0
131099,62,0,71,103.9,42.4,7.5,3,1,1,0
131100,70,0,70,75.6,29.5,6.5,0,0,1,0
131102,32,0,88,79.3,29.3,10,14,0,1,0
131106,57,0,64,76.8,25.5,8,5,0,1,0
131108,68,0,75,51.5,20.2,4,8,1,1,0
131109,67,1,72,99.7,30.8,7,5,1,1,0
131112,42,1,75,92.8,29.1,8,5,1,1,0
131117,61,1,69,83.5,27.8,7.5,0,0,1,0
131120,62,0,49,53.4,21.4,7,8,0,1,0
131121,80,0,58,46.9,19.1,8,0,0,1,0
131124,80,1,66,73.6,24.7,9,1,0,1,0
131126,76,1,79,104.2,31.5,9.5,1,0,1,0
131127,54,1,66,83.8,24.8,7,11,0,1,0
131129,69,0,64,81.1,28.9,8,0,0,1,0
131130,75,0,71,104.2,34.5,7.5,1,0,1,0
131132,80,1,76,88.4,31.9,8,3,0,1,1
131135,64,0,96,76.7,30.9,6.5,0,0,1,0
131137,67,0,63,59.4,24.3,8.5,5,0,1,0
131139,40,0,71,100.9,38.4,8.5,3,0,1,0
131144,43,0,64,65.3,23.9,5,3,0,1,0
131147,25,0,90,63.5,25.2,7,3,0,1,0
131148,66,1,63,74.3,23.5,8.5,1,0,1,0
131155,59,1,62,80.8,26.8,8.5,0,0,1,0
131156,33,0,86,87.8,40.4,10,2,0,1,0
131159,56,1,90,109.5,36.1,6.5,9,0,1,1
131160,43,1,66,100.5,29.1,7.5,0,0,1,0
131164,27,1,107,126,38.6,11.5,0,0,1,0
131169,78,0,62,59.5,23.2,8,0,0,1,0
131172,74,1,59,103.2,32,6,4,0,1,0
131177,79,0,84,81.5,31.1,10,0,0,1,1
131178,65,0,81,104.5,38.3,9.5,9,0,1,0
131180,73,0,56,73.4,29.4,5,20,0,1,0
131183,75,0,59,95,37.3,7,2,0,1,0
131194,49,1,101,78.4,28.6,6.5,5,0,1,0
131195,48,0,78,72.1,25.9,7,13,1,1,0
131196,23,1,110,86.5,29.5,8,8,1,1,0
131197,59,1,61,112.1,36.8,6,0,0,1,0
131202,80,1,47,60.9,20.5,7,0,0,1,0
131205,62,0,73,96,35.2,5,8,0,1,0
131208,61,1,99,95.4,27.8,7.5,2,0,1,0
131209,20,0,76,110.6,39.3,8,7,0,1,1
131211,30,0,64,79.2,28.4,8.5,15,1,1,1
131215,68,0,64,58.1,28.7,9,3,0,1,0
131220,35,1,60,90.5,26,8,3,0,1,0
131225,32,0,74,75.8,29.5,9,0,1,1,0
131227,70,1,60,72.2,28.3,7,1,0,1,0
131228,61,1,58,87,27.7,7,3,0,1,0
131229,58,0,60,68,27.6,7,0,0,1,0
131240,48,0,66,55.5,23.5,7.5,0,0,1,0
131241,58,1,77,110.1,36.1,8,1,0,1,0
131242,35,0,84,126,48.3,8,4,0,1,0
131244,79,0,60,102,37.3,10,6,0,1,1
131245,63,0,61,103.6,40,10,2,0,1,0
131248,20,0,84,83.6,30.1,9.5,4,0,1,0
131249,52,0,53,58.4,19.4,7,2,0,1,0
131251,65,0,75,63,26.4,9,1,1,1,0
131256,22,1,66,91.8,26.6,7.5,1,0,1,0
131258,41,1,59,78.2,23.2,8.5,0,1,1,0
131263,48,1,62,78.3,23.7,8.5,4,0,1,0
131264,36,0,79,113.4,40.2,9,16,1,1,0
131268,42,0,92,87.9,34.2,5,3,0,1,0
131269,33,1,75,86.1,31.8,7,6,0,1,0
131270,62,0,84,78,31.7,8.5,2,0,1,1
131271,55,1,63,77.4,24.1,7,2,0,1,0
131273,63,1,73,90.1,28.2,8,2,0,1,0
131277,39,0,71,65.4,24.6,8,1,0,1,0
131283,24,1,58,107.4,30.4,9,0,0,1,0
131284,72,1,69,69.3,26.2,8.5,5,0,1,0
131287,67,0,60,77.1,30.3,8.5,0,0,1,0
131290,38,1,74,102.1,32,4.5,3,0,1,0
131291,62,0,75,76.5,27.7,9,1,0,1,0
131292,57,1,70,72.5,27,7,2,1,1,1
131294,69,0,72,117.4,44.6,8.5,5,0,1,0
131298,36,1,102,78,24.1,6,11,1,1,0
131299,65,1,61,186.4,60.6,6,6,0,1,1
131300,41,0,77,95.8,36.5,7,9,0,1,0
131301,35,1,71,77.9,23.7,9,0,0,1,0
131305,23,1,60,86.6,25.2,9,3,0,1,0
131307,73,0,99,137.7,54.1,9,7,0,1,1
131308,32,1,67,76.5,22.8,8.5,20,0,1,0
131309,22,0,72,69.2,26.1,8.5,7,0,1,0
131310,45,1,54,115.6,32.8,7.5,4,0,1,0
131312,80,0,68,80.2,34.1,7.5,3,0,1,1
131315,61,0,62,99.3,42.1,8,1,0,1,0
131318,58,0,76,84.2,35.1,11,10,0,1,0
131322,70,0,81,57.2,23.3,8.5,0,0,1,0
131323,27,0,88,58.2,21.6,7.5,1,0,1,0
131324,80,1,69,101.1,32.7,9,4,0,1,1
131326,63,1,69,142.4,45.7,7.5,5,0,1,0
131327,63,0,94,144.5,59.9,5,11,1,1,1
131328,62,1,52,82.2,28.2,9,7,0,1,0
131332,42,0,101,130.6,55.1,9,1,0,1,0
131333,76,1,71,94.5,28.1,3,0,0,1,1
131337,36,1,109,96.3,32.6,9,11,1,1,0
131339,74,1,66,77.5,24.3,8,1,0,1,1
131340,60,1,66,75.9,26.7,9,2,0,1,0
131347,68,1,64,91.4,31.1,9,8,0,1,1
131349,56,0,63,84,30.4,8.5,11,0,1,0
131350,66,1,69,80.5,29.4,5,0,0,1,0
131351,65,1,58,96.5,27.2,11,0,0,1,1
131352,35,1,65,92,31.1,7.5,2,0,1,0
131353,56,0,60,80,32.5,9,1,0,1,0
131359,31,0,69,70.1,26.1,7.5,2,0,1,0
131363,39,0,86,62,21.7,8.5,1,0,1,0
131366,44,0,64,67.7,22.2,9,2,1,1,0
131368,74,0,70,89.3,36,5,6,0,1,0
131372,36,0,92,132.7,52.4,8,0,0,1,0
131373,65,0,66,81,30.7,8,1,0,1,0
131381,76,0,62,61.1,22.9,10,0,0,1,0
131383,67,0,68,89.9,30.5,9,0,0,1,0
131386,35,1,103,85.5,25,8,2,0,1,0
131387,69,0,77,84.7,29.9,9,2,0,1,1
131389,54,1,63,73.6,24.4,8,1,0,1,0
131391,70,0,73,76.4,28.3,7.5,0,1,1,0
131392,59,1,48,81.8,24.6,8,6,0,1,0
131397,66,1,65,83.1,26.6,7.5,3,0,1,0
131399,48,1,81,84,26.7,7,0,0,1,0
131410,59,0,70,65.8,25.3,8,1,0,1,0
131411,53,0,79,109.2,36.9,8.5,6,0,1,0
131412,21,0,99,58.6,21,10,7,0,1,0
131414,43,1,60,87.8,24.3,8,4,1,1,0
131416,41,0,83,60.4,23.5,8.5,10,0,1,0
131418,76,0,71,63.9,23.7,10,3,0,1,0
131419,77,1,73,90.6,32,7,5,0,1,1
131422,80,1,48,58.6,24.6,8,0,0,1,0
131423,77,1,69,68.3,24.6,9,0,0,1,0
131426,60,0,51,63,25.8,7,1,0,1,0
131427,74,1,50,118.7,36,11,8,0,1,0
131428,71,1,35,75.4,26.8,7,0,0,1,0
131431,48,0,64,66.7,28.1,7,1,0,1,0
131432,49,1,98,107.5,33.7,8,0,0,1,0
131433,25,0,66,56.2,23.2,8,1,0,1,0
131437,61,0,80,92.8,38.2,7,0,0,1,0
131442,23,1,80,75.3,24.4,7.5,3,0,1,0
131444,23,0,91,64.5,23.7,7,6,0,1,0
131446,50,0,60,97.4,34.9,9,0,0,1,0
131447,71,1,78,76.1,25.6,7.5,1,0,1,0
131450,80,0,84,81.1,29.9,8,7,0,1,0
131452,64,0,74,124.5,44.8,7,6,0,1,0
131453,27,1,46,86.2,27.9,8,0,0,1,0
131455,65,0,88,123.6,46.7,9.5,5,0,1,0
131456,71,1,44,77.2,27.8,8,0,0,1,0
131457,73,0,95,83.7,32.7,8.5,1,0,1,1
131458,73,1,63,75.4,21.8,6.5,1,0,1,0
131459,80,0,68,73.4,28.7,9.5,8,0,1,0
131461,24,1,64,89.4,27.2,5,15,0,1,0
131462,64,0,70,83.9,32.4,9,0,0,1,0
131463,35,0,74,78.3,26.8,7.5,3,0,1,0
131464,25,1,70,85,25.9,6.5,14,0,1,0
131468,27,1,60,91.7,30.5,11,3,0,1,0
131469,21,1,64,94.7,29.6,9,3,0,1,0
131471,59,1,78,68.1,20.2,5.5,12,1,1,0
131476,36,0,101,85.6,33.1,4,11,0,1,0
131479,32,1,63,69.8,23.1,6,6,0,1,0
131481,51,0,86,57.2,20.3,6.5,4,0,1,0
131483,53,0,55,64.6,24,8,0,0,1,0
131489,23,0,85,85.8,36.6,8,9,0,1,0
131491,52,1,66,85.2,25.9,9,1,0,1,0
131495,70,0,53,61.9,26,8,0,0,1,0
131498,41,0,85,85.8,33.6,8,5,1,1,0
131501,21,1,63,103.6,33,9,2,1,1,0
131503,61,1,76,94.9,29.4,6.5,0,0,1,0
131505,68,0,61,74,30.1,7,6,0,1,0
131507,61,0,84,92.2,39.2,10,2,0,1,0
131508,64,0,84,59.1,22.4,8,1,0,1,0
131509,45,0,77,55.8,20.9,7.5,4,0,1,0
131510,61,0,66,54.6,23.2,6.5,6,0,1,0
131512,41,0,66,64.6,25.5,8,0,0,1,0
131514,70,0,65,53.5,23.3,6,5,0,1,0
131518,26,1,75,80,25.6,8.5,3,0,1,0
131519,64,1,60,81.9,24.3,3,8,0,1,1
131521,43,0,79,105.7,42.8,7.5,0,0,1,0
131523,50,1,82,76.3,25.6,5,3,0,1,0
131528,74,1,75,86.7,28.8,9,4,0,1,1
131532,68,0,92,111.9,43.1,10.5,4,0,1,1
131536,59,0,67,82.4,31.9,9,5,0,1,0
131540,63,0,72,66.7,25,10,2,0,1,0
131541,48,0,59,51.1,21.5,7,7,0,1,0
131542,31,1,77,70.9,21.7,7,6,1,1,0
131544,27,0,58,131.1,56.7,8.5,0,0,1,0
131546,53,1,70,160.3,46.5,9,7,0,1,0
131549,28,0,72,88.4,37.8,7.5,4,0,1,0
131550,63,0,63,109.2,40.2,8,2,0,1,0
131551,65,0,71,84.4,32.7,8,6,0,1,0
131553,34,1,101,99.8,34.5,5.5,5,0,1,0
131554,69,0,72,113.7,38.9,9,9,0,1,1
131556,66,0,77,102.2,41.4,7,0,0,1,0
131557,61,0,53,90.7,34.9,7,1,0,1,0
131558,47,1,69,82.3,27.1,7.5,1,0,1,0
131560,26,1,72,82.5,26.2,7,0,1,1,0
131561,56,0,63,73.5,28.2,9,0,0,1,1
131564,45,0,77,95.7,36.4,7,4,0,1,0
131565,67,1,73,89,29.3,6.5,0,1,1,0
131567,66,0,54,55.1,19,8,1,0,1,0
131568,52,0,85,59.4,23.3,8.5,2,0,1,0
131569,39,0,77,83.9,32.1,6.5,6,0,1,0
131571,60,1,78,101.7,32.4,7.5,0,0,1,0
131583,57,1,81,103.1,32.9,6,15,0,1,0
131585,68,1,56,147.9,46.9,2,5,0,1,1
131586,48,1,69,130.7,42.8,5,0,0,1,0
131588,29,0,74,62.8,25.7,6,6,0,1,0
131592,53,1,89,97,28.5,9,1,0,1,1
131593,64,1,67,106.8,33.7,7,2,0,1,0
131594,59,0,73,52.5,25.8,7,1,0,1,0
131597,42,1,79,68.1,25.6,8.5,1,0,1,0
131600,62,1,73,69.3,22.7,9,2,1,1,1
131602,75,0,50,51.4,20,8,3,0,1,0
131607,56,1,63,87.2,28.6,7,13,0,1,0
131610,60,1,73,62.9,20.6,5,1,0,1,0
131614,60,0,76,47.2,17.5,8,17,0,1,0
131616,41,1,56,78.7,25.3,5.5,9,0,1,0
131617,59,0,79,71.8,31.8,5,3,0,1,1
131618,45,1,75,114.1,36.8,8,7,1,1,0
131619,65,0,67,66.2,25.3,6,20,1,1,0
131620,47,1,72,79.8,22.7,7.5,7,1,1,0
131625,78,0,56,74.4,30.1,9,2,0,1,0
131627,59,1,60,56.2,20.8,8,0,0,1,0
131629,63,0,87,79.2,28.7,7,8,0,1,0
131630,39,1,71,79.3,29.2,9,11,1,1,0
131631,59,0,113,71.2,26.3,7,3,0,1,0
131637,55,0,69,72.7,30.9,7.5,4,1,1,1
131642,53,0,81,68.9,23,7,0,0,1,0
131643,70,1,69,84.5,28.5,8,0,0,1,0
131646,79,0,66,55.4,22.9,10,0,0,1,1
131647,32,1,78,85.5,28.7,9,2,0,1,0
131648,44,1,60,93.5,31.7,4,4,1,1,0
131649,48,1,80,119,34.1,7.5,0,0,1,0
131650,30,1,61,94.6,27.5,10,2,0,1,0
131654,50,0,101,47.9,19,8,6,0,1,0
131656,43,0,75,66,25.9,8.5,15,0,1,0
131657,20,1,70,83.3,23.4,9,11,0,1,0
131658,52,0,65,58.2,23.7,7,2,0,1,0
131666,58,1,62,142.6,43.8,8,1,0,1,0
131669,55,0,77,84.8,33.4,7.5,15,0,1,0
131670,53,1,77,93.3,29.7,8,0,0,1,0
131672,22,1,101,64.6,24.4,9.5,1,1,1,0
131675,39,1,61,77.9,27.1,7,7,0,1,0
131676,42,1,57,97,32.3,6.5,6,0,1,0
131677,30,1,95,58.2,21.9,5,6,0,1,0
131680,35,0,86,97.6,41.2,8.5,6,0,1,0
131681,24,0,76,70.2,26.3,8.5,6,0,1,0
131684,35,1,76,127.4,41.1,5,3,0,1,0
131685,66,1,74,95.1,32.4,5.5,2,0,1,0
131689,60,0,86,82.7,32.9,9,6,0,1,1
131690,44,1,70,109.2,31.3,8,1,0,1,0
131691,42,1,59,92.3,32.6,7,0,0,1,0
131694,80,1,62,123.2,40.3,4.5,4,0,1,0
131699,29,0,100,80.5,29.6,9.5,7,0,1,0
131700,65,1,44,75.1,22.7,7,1,0,1,0
131701,46,0,55,109.2,42.1,6.5,2,0,1,0
131704,60,0,70,77.5,30.8,5,13,1,1,0
131707,48,0,74,85.3,31.9,8,13,1,1,0
131708,52,0,59,73.4,26.7,8,4,0,1,0
131709,33,1,53,74.5,26.9,9.5,2,0,1,0
131710,64,1,67,90.6,27.1,9.5,0,1,1,0
131711,53,1,66,100,32.2,6,9,0,1,0
131712,31,1,53,95,31.3,7,0,0,1,0
131713,62,0,60,61.2,25.1,6,0,0,1,0
131714,24,0,71,76.7,30.3,9,5,0,1,0
131716,65,0,87,93.5,34,9,2,0,1,0
131717,79,1,79,93,36.9,8,7,0,1,0
131718,50,0,87,72.6,27,8.5,0,0,1,0
131721,30,0,58,70.6,26.2,9.5,2,0,1,0
131723,58,0,56,81.4,33,7.5,1,0,1,0
131725,56,0,96,71.8,26.2,4,15,1,1,0
131727,73,1,63,66.2,22.5,7,0,0,1,0
131728,52,1,75,91.3,28.3,8.5,2,0,1,0
131729,66,1,76,78.9,26.5,8,0,1,1,0
131730,65,0,67,86.3,36.1,8,3,1,1,0
131731,69,0,68,52.6,24.7,6,1,0,1,0
131740,59,0,74,70.7,33.5,7.5,10,0,1,1
131741,42,1,69,109.1,32.9,2,15,1,1,0
131742,38,0,68,70.1,27.7,8,7,0,1,0
131745,48,0,78,47.7,18.6,6,8,1,1,0
131746,62,1,63,101.2,32.1,7,2,0,1,0
131752,42,0,83,96.1,33.1,6,1,0,1,0
131755,59,0,70,108.5,38,7,1,0,1,0
131756,41,0,67,70.4,31.9,10,2,0,1,0
131759,24,1,65,81.3,25.8,9,1,0,1,0
131760,76,0,68,84.6,30.4,8,2,0,1,0
131762,31,0,69,61.3,29.2,7.5,8,0,1,0
131768,34,1,62,66.6,20.9,5.5,18,1,1,0
131769,33,1,87,76,23,8,4,0,1,0
131775,66,0,71,71.2,23.5,8,5,0,1,0
131776,80,0,47,64.7,27.4,8,7,0,1,0
131782,33,0,60,55.5,21.1,8,2,0,1,0
131785,35,1,68,71.8,21.1,8,0,0,1,0
131787,61,1,67,99.7,28.7,5.5,0,0,1,0
131789,38,1,63,109.9,36.8,8,4,0,1,0
131790,45,1,59,83.1,28.5,8.5,0,0,1,0
131791,55,1,76,69.5,25.3,9,2,1,1,0
131796,75,0,62,63.5,28.5,10,2,0,1,0
131797,58,1,60,58.8,20.5,6,1,0,1,0
131798,53,0,65,74.1,31.7,6.5,1,0,1,0
131799,49,0,59,73.2,28,9,4,1,1,0
131800,54,0,60,88.8,35.6,7,7,0,1,0
131803,46,0,70,81.1,31,8,2,0,1,0
131804,40,0,60,59.1,22.6,8.5,2,0,1,0
131805,43,1,63,71.4,26.3,8,14,0,1,0
131806,58,1,56,58.6,22.1,6,0,1,1,0
131808,72,1,73,127.1,43.9,7.5,0,0,1,1
131812,25,1,66,86,27.9,7,3,1,1,0
131816,31,0,74,80.5,25.9,7,10,0,1,0
131822,70,1,51,65.5,21.3,7,4,0,1,1
131823,65,0,62,84.1,35.9,7,0,0,1,0
131824,74,0,61,57.2,26.7,10,17,0,1,0
131826,21,0,89,70.4,23.3,8.5,0,0,1,0
131827,52,1,79,185.7,57.5,8.5,1,0,1,0
131828,43,0,55,58.7,23,8,5,0,1,0
131829,75,0,56,88.3,35.2,9,1,0,1,0
131831,69,0,67,84.7,29.4,6,4,0,1,0
131833,55,0,66,68.8,28.5,7,1,0,1,0
131837,59,1,51,72.7,25.7,8,1,0,1,0
131841,62,1,63,77.9,29.1,4.5,0,1,1,0
131842,25,1,90,102.7,27.4,6.5,1,0,1,0
131844,40,0,61,80,30.4,6,7,0,1,0
131849,61,1,62,100.6,31.3,8.5,0,1,1,0
131850,73,0,76,66.3,21.7,6.5,0,0,1,0
131851,53,0,68,124.7,46.4,8,4,0,1,0
131852,20,1,77,111.8,32.6,8,0,1,1,0
131856,65,0,81,48.7,17.9,6,4,1,1,0
131860,25,1,67,73.9,22,7,8,0,1,0
131862,34,0,89,78.1,25.7,7.5,2,0,1,0
131864,64,1,87,102.9,32.3,4.5,2,0,1,0
131867,22,0,98,99.6,39.2,6,24,0,1,0
131871,26,0,77,91.5,36,10,14,0,1,0
131872,63,1,84,76.9,27.1,9,4,1,1,0
131874,41,1,65,93.7,30.5,7.5,1,0,1,0
131875,33,0,71,79.7,35.6,8,7,0,1,0
131877,70,0,84,61.8,23.4,7.5,2,0,1,0
131883,76,1,71,74.3,26.5,8,2,0,1,1
131884,66,1,74,69.8,23.4,8.5,1,0,1,0
131890,80,0,65,75,31.5,10,10,0,1,0
131891,32,0,88,48,24.4,7,1,0,1,0
131892,69,1,73,109.7,35.5,9,6,0,1,1
131898,71,0,84,93.7,35.6,8,7,0,1,0
131901,31,1,68,164.2,45.9,8,0,0,1,0
131902,61,1,51,82,29,6.5,0,0,1,0
131903,64,0,69,72,29.2,9,7,0,1,0
131911,37,1,62,97.9,27.2,8,0,1,1,0
131912,60,0,73,59.8,26.8,9,6,0,1,0
131913,80,1,56,88.4,32.4,10,1,0,1,0
131922,38,1,76,91.5,32,7,6,1,1,1
131923,63,1,62,99.5,34.5,10,5,1,1,0
131926,59,1,62,87.9,27.1,8,0,0,1,0
131928,62,1,54,68.9,26.2,5.5,0,0,1,0
131929,53,0,96,92.8,32.1,9.5,2,0,1,0
131934,47,1,81,88.1,27.1,8,22,1,1,0
131936,80,0,80,70.2,31,11,2,0,1,0
131938,22,0,79,100.9,36.7,7,10,1,1,0
131939,67,0,62,63.6,21.4,8,0,0,1,0
131940,65,0,67,79.4,31.6,8,1,0,1,0
131944,59,0,67,56.1,20.8,7,1,0,1,0
131945,58,1,80,62.1,20.1,8,2,1,1,0
131946,77,0,50,54.4,22.4,11,14,0,1,0
131947,26,1,81,99.4,31.8,7.5,8,0,1,0
131948,34,0,80,50.2,18.3,7.5,1,0,1,0
131951,69,1,66,131.2,49.5,7,6,0,1,1
131954,53,1,76,60,21.1,8,0,0,1,0
131958,20,1,47,75.7,25.6,6,1,0,1,0
131959,70,0,71,69.4,30.1,4,12,1,1,0
131962,44,0,56,72.4,27.1,8,1,0,1,0
131967,71,1,64,79,26.2,7.5,0,1,1,0
131970,76,0,82,68.4,27.7,6.5,12,0,1,0
131972,26,0,71,102.2,47.2,9,1,0,1,0
131974,34,0,72,71.1,25,8,10,0,1,0
131975,70,1,71,53.4,21.3,6.5,0,0,1,0
131976,70,0,62,82,29.3,7.5,0,0,1,0
131979,37,1,62,63.5,24.5,8,0,0,1,0
131988,71,0,80,85.9,32.7,8,1,0,1,0
131990,50,1,77,68.7,22,6,2,0,1,0
131991,71,0,68,91.3,32.5,6.5,2,1,1,0
131992,73,0,65,91.8,32.4,10,3,0,1,0
131997,69,1,57,60.7,22.5,6,1,1,1,0
131998,55,0,70,92.4,33.5,8.5,7,0,1,0
132000,67,0,69,68.3,30.5,7,6,0,1,0
132001,64,1,56,59.8,23.8,7,1,0,1,0
132007,53,1,76,111.6,35.7,9.5,8,0,1,0
132008,63,0,80,108.3,38.7,7.5,2,0,1,0
132011,24,1,73,85.1,25.3,8.5,2,0,1,0
132017,53,0,61,162.9,52.5,7.5,0,0,1,0
132021,62,1,64,91.5,25.8,7,3,0,1,0
132028,44,0,68,57.7,21.6,7.5,0,0,1,0
132029,56,0,82,62.9,24.8,10,1,0,1,0
132030,68,1,58,97.9,28.7,8.5,1,0,1,0
132031,76,0,68,69.8,30,9,1,0,1,1
132032,52,1,74,136.7,40.6,7.5,4,0,1,0
132033,39,1,74,72.2,24.1,8,0,0,1,0
132037,65,1,65,108.2,39.2,8,0,0,1,0
132038,71,0,60,86.3,34.9,9,22,0,1,0
132041,38,1,71,78.8,29.7,14,4,0,1,0
132045,30,1,85,85.2,27,8.5,0,0,1,0
132046,72,1,60,78.2,26.7,6,3,0,1,0
132049,70,1,71,93.6,32.6,7,0,0,1,0
132053,34,1,75,105,32.3,8,3,0,1,0
132055,76,0,60,67.8,27,7,2,0,1,1
132056,65,0,69,78.7,34.1,9,0,0,1,0
132059,37,0,56,88,31.9,8,0,0,1,0
132061,70,1,92,115.2,39.9,8.5,0,1,1,0
132062,60,1,48,67.8,24.1,7,0,0,1,0
132064,28,1,59,143.3,44.4,7,0,0,1,0
132067,30,1,61,57.3,19,7.5,2,0,1,0
132071,51,0,67,60.6,24.5,7.5,3,0,1,0
132072,58,1,83,101,35,8,0,0,1,0
132073,79,1,65,85.7,29.3,6.5,1,0,1,1
132074,47,1,61,86.2,29,7.5,1,0,1,0
132079,61,0,73,92.4,36.3,9,0,0,1,0
132085,65,0,60,72.1,26.8,5,4,0,1,0
132088,73,0,56,62,26.9,12,15,0,1,0
132092,52,1,75,79.4,23.9,8,11,1,1,0
132093,60,0,62,63.4,23.1,9,2,0,1,0
132097,48,0,70,89.1,34.3,8.5,1,0,1,0
132099,61,1,71,69.2,22,7,0,0,1,0
132101,52,1,74,81.1,24.6,8.5,1,0,1,0
132102,43,0,78,65.8,25.5,8,0,0,1,0
132105,80,0,65,59.3,24.3,7.5,3,1,1,0
132107,54,0,51,82.9,31.4,7,0,1,1,0
132110,51,1,59,69.6,22.1,8,0,1,1,0
132116,40,0,68,55.2,18.4,5,12,0,1,0
132121,80,0,69,64.5,26.2,9,9,0,1,0
132122,73,0,42,78.3,30.3,8,3,0,1,0
132123,55,1,64,79.3,32.8,10,3,1,1,0
132124,42,0,87,82.6,34.8,7,1,0,1,0
132125,66,0,59,74.4,28,9,5,1,1,0
132126,26,1,86,99.8,31.2,9.5,4,0,1,0
132127,30,1,60,88.9,25.6,9,4,0,1,0
132132,31,0,56,58,24.6,6,11,0,1,0
132134,74,0,54,74.9,28.5,9.5,1,0,1,0
132135,50,1,79,67.3,23,7,4,1,1,0
132143,22,0,93,134.8,50.2,11,3,0,1,0
132145,59,0,64,75.5,30.3,8.5,0,0,1,0
132147,58,0,77,111.4,42.9,6,3,0,1,0
132149,73,1,68,124,36.7,8.5,0,0,1,0
132150,56,1,77,89.4,26.9,8,1,0,1,1
132151,61,0,57,83.8,34.5,8,2,0,1,0
132152,73,1,70,65.9,22.1,7.5,0,0,1,1
132154,35,1,97,104.7,35.7,8,10,1,1,0
132155,25,0,95,124.4,48,11,10,0,1,0
132159,68,1,86,68.4,23.8,7.5,2,0,1,0
132165,26,1,66,83.1,27.3,8,2,0,1,0
132171,35,0,87,56.4,20.3,4,3,1,1,0
132177,28,1,65,93.3,28.2,6,17,0,1,0
132180,51,0,68,79.1,29.3,8.5,1,0,1,0
132181,55,1,96,93.6,27.9,8,1,0,1,0
132182,66,1,86,78.3,25.1,9,0,0,1,0
132185,39,0,73,66.3,26.7,8.5,4,0,1,0
132188,29,0,59,73.8,27.8,7,3,0,1,0
132189,63,1,91,95.5,29.9,6,3,0,1,0
132194,36,1,92,83.1,25.2,10,16,1,1,0
132197,70,0,60,70.3,30.6,11,7,0,1,1
132198,62,0,55,104.3,37.5,7,1,0,1,0
132201,74,0,64,79.9,33.5,8,4,0,1,0
132202,31,0,71,64.9,24.4,7.5,7,0,1,0
132203,70,1,55,95.4,35.6,6.5,3,0,1,0
132206,21,1,57,50.1,19.2,14,9,0,1,0
132207,21,1,53,66.3,21.4,7.5,1,0,1,0
132211,68,0,68,88.7,37.9,7.5,0,0,1,0
132214,76,1,81,74,24.8,7.5,6,0,1,0
132220,42,1,50,62.5,18.7,9,8,0,1,0
132221,52,1,60,62.9,19.7,6,0,1,1,0
132222,27,1,66,73.9,24.4,7.5,4,0,1,0
132224,54,0,64,75.5,27.7,6,1,0,1,0
132226,36,1,72,90.9,27.7,7,4,0,1,0
132231,29,1,72,62.3,20.5,10,13,1,1,0
132233,40,1,68,104.3,34.9,6.5,2,0,1,0
132235,80,1,68,77.7,25.5,8,0,0,1,0
132236,31,0,58,57.6,22.2,9,5,0,1,0
132237,76,1,65,90.9,28.6,8,0,0,1,0
132239,35,1,71,74.8,25.8,9,10,1,1,0
132243,61,0,69,67.9,28.5,8,6,0,1,0
132245,61,0,73,61.7,24.2,4,5,0,1,0
132248,45,1,98,82.7,26.8,9,0,1,1,0
132251,44,1,66,97.2,28.9,6.5,0,0,1,0
132252,24,1,75,64.5,22.6,8.5,3,0,1,0
132256,31,0,86,121.1,44.8,7,5,0,1,0
132258,62,1,67,126.2,42.3,8,0,0,1,0
132259,72,1,64,93.1,27.1,6,0,0,1,0
132260,29,0,60,54.4,20,7.5,8,0,1,0
132261,80,1,58,70,24.9,9,7,0,1,1
132262,60,0,53,73.5,29.6,8.5,1,0,1,0
132264,42,1,62,111.4,38.1,6.5,18,1,1,0
132267,80,0,52,75.1,25.5,9,1,0,1,0
132269,29,1,81,90.7,26.6,7,1,0,1,0
132271,61,0,105,78.4,30.8,7,13,0,1,0
132272,67,1,62,85.8,27.6,8,0,0,1,0
132273,21,0,72,88.8,28.7,14,2,0,1,0
132277,68,0,75,66.4,23.3,8,1,0,1,0
132278,69,1,52,79.4,25.9,8,1,0,1,1
132280,58,0,57,59.6,23.8,7,1,0,1,0
132282,28,0,67,62.2,26.4,7.5,18,0,1,0
132283,71,1,65,87.2,26,6,0,0,1,0
132284,76,0,58,74.7,28.7,9.5,5,0,1,0
132286,26,1,81,100.7,32.4,10,4,0,1,0
132287,61,1,74,104.2,32.4,8,0,0,1,0
132288,78,1,47,70.4,23,5,2,1,1,1
132289,62,0,67,68.4,28.3,8,10,0,1,1
132291,75,1,57,93.2,32.4,4,0,0,1,0
132297,51,0,62,65.4,25.3,12,6,0,1,1
132302,74,0,64,76.1,27.5,8,0,0,1,0
132303,76,1,58,81.3,27.2,6.5,1,0,1,1
132309,21,0,75,68.9,25.5,10,2,0,1,0
132310,47,0,81,66.9,27.4,9,6,1,1,1
132312,27,0,53,60.2,20.7,8,2,0,1,0
132315,66,1,67,62.5,24.4,8,0,0,1,0
132316,21,0,80,67.3,24.9,10,18,0,1,0
132317,75,1,55,96.6,39.1,10,5,0,1,1
132318,55,0,76,88.5,34.1,7,3,0,1,0
132331,37,1,59,97.8,29.9,8,2,0,1,0
132336,38,0,72,93.7,42.8,8,6,0,1,0
132337,49,0,71,89.3,36.1,6.5,2,0,1,0
132338,68,1,77,110.8,33.7,6,1,0,1,0
132339,55,0,90,104.8,40.1,10,16,0,1,0
132340,60,1,73,88.7,29,8,0,0,1,0
132341,28,0,95,78.7,30.2,8,6,0,1,0
132342,61,0,56,75.2,29.7,7.5,2,1,1,0
132344,75,1,62,119.7,40.3,8,7,0,1,1
132350,77,0,72,76.4,34.6,6.5,3,0,1,1
132351,27,0,74,61.8,25.1,8,10,0,1,0
132352,42,0,66,86.8,30.8,9,15,0,1,1
132353,53,1,55,103.2,29.5,7.5,0,0,1,0
132354,58,0,54,87.8,30.3,8,2,0,1,0
132356,49,1,60,46.4,23.5,10,17,0,1,0
132358,40,0,68,64.5,25,7,6,1,1,0
132359,24,1,51,86.7,25.4,7,1,0,1,0
132361,62,1,69,65.5,22.4,8.5,0,0,1,0
132363,80,0,57,50.5,21.5,7,1,0,1,0
132364,24,1,94,138.3,46.5,8,6,0,1,0
132366,79,0,60,73.7,31,6,6,0,1,0
132368,21,1,67,76.6,23.9,10,14,0,1,0
132370,65,1,60,74.1,26.3,8.5,0,0,1,1
132373,80,0,57,61.5,22.6,7.5,3,1,1,0
132375,64,1,61,79.6,24,8,0,0,1,0
132377,45,1,62,66,23.1,7,13,1,1,0
132378,74,1,75,95.6,33.1,8.5,0,0,1,0
132382,35,1,71,70,23.1,5.5,4,0,1,0
132383,73,0,72,47.7,18.1,9,5,1,1,0
132386,42,0,85,86.2,34.3,8,3,0,1,0
132389,70,0,48,84.2,35.8,8.5,2,0,1,0
132391,35,1,58,72.5,22.5,8,6,0,1,0
132392,60,1,73,104,33.9,9,5,1,1,0
132393,27,0,75,123,40.9,7,3,0,1,0
132397,80,0,84,62.8,24.3,8,0,1,1,0
132398,31,1,55,73.3,24.6,8,12,1,1,0
132399,27,0,73,57.7,24.1,7,8,0,1,0
132400,65,0,88,93.3,32.9,10.5,8,1,1,1
132403,58,1,73,66.4,25.2,8,1,0,1,0
132404,55,1,68,144.7,50.7,6.5,3,0,1,0
132406,23,1,66,59,21.8,6,11,0,1,0
132407,32,0,77,75.7,28.5,8.5,6,0,1,0
132408,37,1,62,107.6,31,7.5,1,0,1,0
132410,51,1,81,96.3,33.8,7,1,0,1,0
132411,45,0,67,59.9,25.4,7,0,0,1,0
132412,38,0,66,45.3,16.9,7.5,0,0,1,0
132416,31,1,50,89.4,30.7,7,5,0,1,0
132417,64,0,52,97.8,38,7,1,0,1,0
132422,54,0,77,64.9,25.5,8,1,0,1,0
132425,55,0,72,102.1,34.2,6.5,0,0,1,0
132428,25,1,68,58.3,19.4,9,4,1,1,0
132429,32,1,54,78.3,25.3,7.5,2,1,1,0
132431,55,0,67,123.9,39.9,7,0,0,1,0
132434,80,0,56,59.3,24.4,8.5,1,0,1,0
132435,39,1,73,100.8,34.2,6.5,11,1,1,0
132437,66,1,84,113.9,41.9,9.5,9,0,1,1
132438,56,1,103,142.6,38.8,6,3,0,1,1
132442,29,1,58,76.2,24.1,10,6,0,1,0
132444,79,0,50,85.1,33.5,9,0,0,1,1
132445,62,0,83,123.2,45.7,5,5,0,1,1
132446,80,0,77,74.6,27.5,9,2,0,1,0
132448,63,0,121,92,38.9,8,3,0,1,0
132450,29,1,88,94.8,28.1,7,1,0,1,0
132451,59,1,57,62,22.7,6.5,2,0,1,0
132453,61,1,75,99.4,32.5,11,1,1,1,0
132456,28,1,61,74.8,23.2,7,4,0,1,0
132457,80,1,75,54.3,23,7.5,6,0,1,0
132459,80,1,61,83.1,28.4,7,4,0,1,0
132462,38,0,83,74.2,28.2,7,4,0,1,0
132463,72,1,55,114.9,35.7,9,4,0,1,0
132467,67,1,74,97.9,31.2,7,1,0,1,0
132468,73,0,71,73.4,29.5,8.5,3,0,1,1
132469,43,1,67,119.2,35.1,7,0,0,1,0
132472,72,0,73,81.7,33.6,9.5,15,1,1,0
132474,63,0,57,110.6,37.6,8,2,0,1,0
132477,58,1,94,97.4,30.2,7.5,0,1,1,0
132481,60,1,48,69.3,24.1,8,1,0,1,1
132484,42,0,95,60.4,20.9,7.5,6,1,1,0
132486,51,0,70,124.4,42.4,8.5,4,0,1,0
132491,33,1,61,97.5,30.5,10,1,1,1,0
132492,52,1,65,83.5,31.8,6,7,0,1,0
132493,61,1,69,63.6,21.5,8,0,0,1,1
132502,69,1,107,67.7,26.1,6,2,0,1,0
132505,31,0,83,79.8,30.9,7,10,1,1,0
132507,80,0,57,63.7,24.1,8.5,0,0,1,0
132508,46,0,65,53.2,22,7,5,0,1,0
132510,56,1,70,81.1,28.3,7.5,0,0,1,0
132516,68,1,62,88,30.1,8.5,1,0,1,0
132518,37,0,76,105.9,39.4,8.5,6,1,1,0
132520,35,0,60,110.8,38.9,7,15,0,1,0
132522,64,0,57,99.9,41.4,9,8,0,1,1
132523,44,0,68,68.8,27.8,6.5,8,0,1,0
132524,41,1,70,77.7,25.8,8,0,0,1,0
132525,67,1,66,89.7,29.9,7,3,0,1,0
132526,23,0,71,80.6,27.6,9,5,0,1,0
132533,72,1,60,88.7,26.2,7.5,0,0,1,0
132534,48,0,68,51.4,19,8,2,0,1,0
132538,30,1,60,87.2,32.9,9,2,0,1,0
132539,70,1,53,95.5,35.5,8,11,0,1,1
132540,67,1,65,65.9,24.7,4,5,1,1,0
132545,52,1,65,116.5,30.4,7,6,0,1,0
132546,49,1,63,99.7,29,7,0,0,1,0
132547,64,1,49,86,29.4,7.5,0,0,1,0
132548,61,0,69,70.8,27.7,8,8,0,1,1
132549,65,1,69,98.1,32.7,9,0,0,1,0
132550,62,0,62,54.2,22.6,7,2,0,1,0
132552,29,0,76,80.7,33.2,9,0,0,1,0
132553,35,0,63,62.6,23.3,8,0,0,1,0
132554,29,0,68,65.6,29.2,7,5,1,1,0
132555,72,0,75,44.2,18.1,9,3,0,1,0
132556,53,0,87,80.3,32.8,4,2,0,1,0
132558,60,1,84,84.1,29.4,5.5,0,0,1,0
132559,68,0,81,99.6,36.1,7,4,1,1,0
132560,30,0,58,86.4,34.8,7,4,0,1,0
132562,52,0,61,48.2,17.9,7.5,1,0,1,0
132564,80,1,59,67.5,25.6,9,4,0,1,0
132571,77,0,72,100.9,38.1,7.5,8,0,1,1
132572,42,1,81,83.4,27.3,8,1,0,1,0
132573,70,0,64,64.8,22.2,8,1,0,1,0
132576,44,1,74,104.2,35.4,6,0,1,1,0
132579,43,0,91,92.6,38.5,8.5,3,0,1,0
132583,40,1,83,129.5,38.6,7.5,2,0,1,0
132584,34,0,71,56,21.7,6,5,0,1,0
132585,74,0,51,63.9,26.6,8.5,1,1,1,1
132586,71,0,54,73.8,28,8.5,0,0,1,0
132591,32,0,83,75.9,29.7,8.5,0,0,1,0
132594,43,0,76,97.2,37.8,6,0,0,1,0
132596,62,0,77,69,27,6,19,0,1,0
132597,38,1,87,127.1,38.2,7.5,0,0,1,0
132601,47,0,70,79.3,30.1,7,0,0,1,0
132610,43,0,61,51.1,22,6.5,23,0,1,0
132612,30,1,76,123.8,39,7.5,5,0,1,0
132618,67,1,60,97.6,30.9,8,3,0,1,0
132619,54,0,73,75.1,31.8,8.5,12,0,1,1
132622,55,1,71,96.5,32.5,7,0,0,1,0
132623,75,0,73,94.3,37.9,8,3,0,1,0
132625,61,1,84,120.2,34,6,2,1,1,1
132631,29,0,90,80,28.8,6.5,1,0,1,0
132632,23,0,85,60.2,23,9.5,4,0,1,0
132633,66,0,90,79.9,26,8.5,0,0,1,0
132635,71,1,59,69.2,22,8.5,0,0,1,0
132636,59,0,80,83.8,30.8,7.5,2,0,1,0
132638,23,0,78,59.9,22.7,7,3,0,1,0
132639,22,1,73,99.8,32.2,5.5,5,0,1,0
132641,45,1,65,80.2,22.3,8.5,3,0,1,0
132642,60,1,80,89.8,25.3,7.5,0,0,1,1
132645,31,0,73,85.7,33.1,7.5,5,1,1,0
132646,63,0,60,58,20.5,7.5,1,0,1,0
132647,35,1,74,78.4,27.1,9.5,12,0,1,0
132648,67,1,73,96.4,32.5,9.5,0,0,1,0
132651,66,1,70,80.7,26.3,9,0,0,1,1
132655,56,0,74,88.8,32.3,7,0,0,1,0
132661,63,1,45,95.3,30.2,7,16,1,1,1
132662,25,1,75,95.1,27.3,6.5,8,0,1,0
132666,62,0,64,73.9,25.6,7,4,0,1,0
132667,32,0,69,88,32.8,8,4,0,1,0
132669,35,1,59,97.8,28.9,8,2,0,1,0
132672,69,0,66,67.8,27.1,7,4,0,1,0
132675,24,0,74,78.5,28.5,4,5,0,1,0
132678,65,1,82,90,29.5,10,1,0,1,0
132683,70,1,44,97.2,32.6,8.5,3,1,1,1
132684,43,0,63,69.6,28.8,7,5,0,1,0
132690,51,0,60,75.3,29.1,8.5,20,0,1,0
132691,39,0,78,65.4,23.9,6,4,0,1,0
132692,44,1,94,68.7,27.1,7.5,0,0,1,0
132693,37,1,58,79.7,27,9,0,0,1,0
132696,50,0,68,103.7,41.2,8,4,0,1,0
132699,37,0,69,93,32,10,9,0,1,0
132706,21,0,80,128.9,52.7,6,0,0,1,0
132710,24,0,73,60.8,23.3,8,0,0,1,0
132711,60,1,49,66.4,22,7.5,0,0,1,0
132720,37,0,67,53,25.9,3,0,0,1,0
132721,33,1,82,103.4,35.9,6,5,0,1,0
132722,45,1,83,118.2,34.5,8,1,0,1,1
132723,35,1,72,86.8,26.8,6.5,2,0,1,0
132725,44,1,57,96.4,31.1,8,2,1,1,0
132727,66,0,59,47.5,17.8,7.5,0,0,1,0
132728,58,0,54,110,38.2,6,0,0,1,0
132729,60,1,91,77.4,27.9,7.5,5,0,1,0
132730,68,0,76,90.6,33.6,9,10,0,1,0
132733,44,0,61,70.1,29.9,9,0,0,1,0
132739,63,1,82,105.7,34.2,7,0,0,1,0
132740,71,1,81,90.6,32.1,9,2,0,1,1
132741,70,0,57,91.5,35.6,9.5,1,1,1,0
132744,75,1,77,140.3,47.9,8,1,0,1,1
132745,75,0,98,74.9,31.9,8,0,0,1,0
132746,71,0,62,73.6,30.8,9,0,0,1,0
132749,35,0,77,74.1,27.6,7,2,0,1,0
132750,35,0,76,91.8,36.3,8,5,0,1,0
132754,52,0,59,59.1,23.2,7,4,0,1,0
132755,57,0,74,124.1,46.7,8,6,0,1,1
132756,58,1,55,82.7,29.1,6.5,8,0,1,1
132757,61,0,69,123.1,40.4,8,1,0,1,0
132758,33,0,62,80.6,32.5,5,11,0,1,0
132761,45,0,90,126.3,45.3,10,1,1,1,0
132762,61,0,84,73,30.3,9,3,1,1,0
132763,31,1,80,77.7,25.7,7.5,3,0,1,0
132765,70,1,76,82.4,31,8,0,0,1,0
132770,76,0,45,67.4,25,9.5,3,0,1,1
132771,64,1,48,70.6,20,7,5,1,1,0
132780,70,0,71,69.7,26.9,8.5,3,0,1,0
132782,79,0,52,60.1,23.5,7,2,0,1,0
132784,75,0,62,52.2,20.2,9,2,0,1,0
132785,27,0,61,79,29.7,8,8,0,1,0
132786,74,1,83,64.7,21.3,8.5,9,1,1,1
132787,38,1,60,104.3,33,7,1,0,1,0
132788,41,1,68,100.7,30.9,8,0,0,1,0
132791,61,1,71,122.2,34.1,9.5,2,0,1,0
132793,68,1,98,138.4,45.6,9,14,0,1,1
132795,62,0,65,72.2,28.5,9,1,0,1,0
132801,35,1,61,81.8,27.4,6,4,0,1,0
132802,64,1,68,99.4,34.6,8,0,0,1,0
132803,57,1,87,109.4,32.6,8,7,0,1,0
132804,70,0,54,91,33.8,7,4,0,1,0
132805,39,0,77,54.4,23.6,7,0,0,1,0
132807,38,0,66,58,20.1,8.5,6,0,1,0
132808,73,1,58,75.2,25.2,8.5,0,0,1,0
132809,51,1,62,75.4,24.4,7,2,0,1,0
132814,64,0,57,47.3,20.4,8,6,1,1,0
132815,30,1,67,111.1,33.9,9.5,4,0,1,0
132817,54,0,69,60.7,23.1,5,20,0,1,0
132818,30,0,76,80.7,31.4,7,0,0,1,0
132819,79,1,42,97.6,30.3,8.5,0,0,1,0
132825,39,1,67,90.9,32,6.5,1,0,1,0
132827,68,1,94,133.2,42.5,5.5,4,0,1,1
132832,47,0,74,98.9,40.5,7,17,0,1,0
132835,76,0,71,78.8,28.4,7,4,0,1,0
132837,60,1,51,73.2,25.4,8,4,0,1,0
132838,39,0,68,71.4,27.3,9,1,0,1,0
132840,65,1,47,84.3,29.5,9,2,0,1,0
132846,68,0,69,58.6,24.6,12,8,1,1,0
132847,74,0,71,64.8,25.4,9,1,0,0,0
132848,74,0,86,73.1,29.7,6,20,0,1,0
132850,34,0,84,114.8,47.2,8,2,0,1,0
132851,43,0,58,99.3,33.7,7.5,3,0,1,0
132855,20,0,82,56,22.2,10,5,0,1,0
132862,31,1,70,69,23.4,8,2,0,1,0
132864,57,0,59,105.1,40.4,6,2,0,1,0
132868,69,0,112,43.5,19.1,10,0,1,1,0
132869,70,1,56,112.9,37.8,7,2,0,1,0
132872,26,0,75,90.4,35.2,7,3,0,1,0
132875,71,1,77,57.2,19.5,9,4,1,1,0
132876,32,1,68,71.1,20.3,8,0,0,1,0
132877,79,1,60,78,24.6,6,12,0,1,1
132878,30,1,68,62.6,23.6,10,6,0,1,0
132881,65,0,78,106.6,41.4,8.5,1,0,1,0
132884,72,1,67,107.7,35,8,3,0,1,0
132885,61,1,64,113.6,38.6,10,8,1,1,0
132889,79,0,67,70.3,29.1,8,1,0,1,0
132891,32,0,75,74.2,28.9,8,3,0,1,0
132893,67,1,56,77.5,26.3,6,0,0,1,0
132898,63,1,81,71.9,24.7,8.5,0,0,1,0
132899,55,1,81,109.5,35,7.5,1,0,1,0
132900,77,1,77,87,30.1,8.5,0,0,1,1
132902,46,0,67,88.1,31.8,6,2,1,1,0
132903,51,1,84,134.6,46,8.5,1,0,1,0
132904,80,0,72,61,24.2,8,0,0,1,0
132905,56,0,65,129.5,53,5,1,0,1,0
132908,39,0,82,61.6,23.7,9.5,6,0,1,0
132910,39,0,64,69.7,31.8,6,1,0,1,0
132913,59,0,75,72,23.6,9,0,0,1,0
132914,43,0,83,89.1,35.6,8,0,0,1,0
132916,62,0,60,76.1,26.3,7.5,5,0,1,0
132921,31,1,87,75.9,22.9,7.5,2,0,1,0
132922,79,0,70,79.7,32.3,7,4,0,1,1
132924,80,1,55,64.6,21,8,0,0,1,0
132926,65,0,96,88.5,35.3,7.5,0,0,1,0
132927,65,1,77,63.7,20.4,8,0,1,1,0
132928,80,1,59,83.4,26.9,8,1,0,1,1
132929,72,0,71,51.9,23.4,5.5,3,0,1,1
132931,37,1,75,98.5,32.1,6.5,1,0,1,0
132932,54,0,76,101.9,37.4,9,4,1,1,0
132937,80,0,62,68.6,25.5,8,1,0,1,0
132938,58,1,51,71.3,23.5,6,4,0,1,0
132941,58,0,94,77.3,32,6.5,4,1,1,0
132945,65,1,64,111,34.1,6,2,0,1,0
132947,29,1,82,79.9,24.1,8.5,7,0,1,0
132950,24,1,70,58.4,17.8,9,7,0,1,0
132952,35,0,68,54,21.6,9,0,0,1,0
132957,20,1,88,112.3,41.2,7.5,5,0,1,0
132958,70,0,74,84.1,32.3,9,6,0,1,0
132959,56,1,63,81.7,27.1,6,5,0,1,0
132961,75,0,58,59,24.3,8,11,1,1,0
132963,69,0,86,95.4,37.2,5.5,9,1,1,0
132964,58,0,64,63.4,24.5,8,3,0,1,0
132965,64,0,50,71.6,27.4,7,1,0,1,0
132970,40,0,70,51.2,20.8,8,3,0,1,0
132971,39,0,65,53.2,22.5,7,5,0,1,0
132972,47,0,85,86.8,31,7,1,0,1,0
132978,23,1,61,74.2,24.8,8.5,1,0,1,0
132979,63,1,76,112.2,33.5,8.5,1,0,1,0
132983,38,0,57,76.9,25.9,9,0,0,1,0
132990,60,0,75,96.6,33.9,7.5,1,0,1,1
132991,64,0,63,62.9,23.6,6.5,0,0,1,0
132992,74,0,74,109.1,44.1,6,10,0,1,0
132994,65,0,92,89.5,31.1,8,0,0,1,0
132995,66,0,76,71.5,27.9,14,18,1,1,0
132996,51,1,87,108.6,34.9,5.5,0,0,1,0
132998,66,1,54,61.7,23.7,6.5,11,0,1,0
133002,28,1,116,104.2,35.8,8.5,6,1,1,0
133003,77,1,63,74.6,24.8,7.5,4,0,1,1
133009,26,1,78,89.3,27.6,7,1,0,1,0
133010,64,0,67,62.1,24.1,7,1,1,1,0
133013,23,0,75,73.5,23.8,8,10,0,1,0
133015,28,0,74,89,34.3,9,8,0,1,0
133018,71,0,94,89.5,36.3,10,9,0,1,0
133019,64,0,79,78,27.5,9,0,1,1,1
133020,67,0,85,58.7,23.2,8.5,1,1,1,0
133022,42,1,66,89.7,31.4,9.5,2,0,1,0
133023,56,0,78,78.9,34.2,10,3,0,1,1
133024,69,0,78,61.2,23.2,7,3,0,1,0
133025,65,1,83,112.4,34.6,9,2,1,1,0
133027,36,1,90,103.2,35.6,7.5,1,0,1,0
133028,79,0,78,92.5,36,10,1,0,1,0
133030,63,0,61,87.7,31.3,8,0,0,1,0
133031,66,0,63,75,31,10.5,18,0,1,0
133033,58,0,68,83.3,29.3,7,2,0,1,0
133035,29,0,65,99.8,36,6,13,0,1,0
133038,60,0,63,79.4,31.6,5.5,0,0,1,0
133041,42,0,64,105,36,8.5,5,0,1,0
133044,25,0,74,76.7,30,3.5,0,0,1,0
133049,75,0,88,62.1,26,8,0,0,1,0
133051,40,0,70,59.6,23.5,9.5,11,0,1,0
133053,70,1,75,70.2,20,6.5,0,0,1,0
133055,26,1,81,108.3,34.5,7,6,0,1,0
133056,60,0,74,92.6,31.6,8,0,0,1,0
133057,62,0,65,65.3,23.4,8,1,0,1,0
133058,38,0,73,61.3,21.2,9,3,0,1,0
133059,63,1,76,74.8,24.8,9,0,0,1,0
133060,57,1,68,98.9,30.2,9.5,9,0,1,0
133065,59,1,61,79.6,30,8,2,0,1,1
133066,70,0,51,99.6,42.4,9,0,0,1,0
133068,68,0,69,69.4,25.1,2,18,0,1,0
133069,70,0,59,78.1,30.9,10.5,3,0,1,0
133071,67,0,70,75,30.6,7,1,0,1,0
133074,66,0,74,106.4,35.9,10.5,2,0,1,1
133076,59,1,76,98.2,32.8,7,5,1,1,1
133077,69,1,65,112.2,33.3,7,0,0,1,0
133078,63,1,97,109.2,32.1,6,4,0,1,0
133080,38,1,62,87.4,27,7,2,0,1,0
133081,76,1,73,93.4,34,14,0,0,1,0
133082,37,0,93,52.6,23.5,8.5,5,0,1,0
133083,78,1,69,77.2,27.8,10,0,0,1,0
133089,39,0,69,58.9,22.3,5.5,1,0,1,0
133090,77,1,70,95.9,28.7,8,1,0,1,0
133092,67,1,54,81.2,26.2,8,2,0,1,0
133093,61,0,64,53.3,22.4,7.5,8,0,1,0
133095,54,0,81,78.7,29.9,8.5,0,0,1,0
133096,69,1,58,84.6,29.6,7,0,0,1,1
133097,80,0,93,87.4,32.4,7,2,0,1,0
133098,71,1,56,108.4,34.2,6,2,0,1,0
133100,63,0,69,61.9,22.2,7,5,0,1,0
133101,45,1,98,175.1,54.2,8,6,0,1,1
133104,62,0,89,106.8,41,7,1,0,1,0
133106,66,0,71,71.7,25,6,0,0,1,0
133108,45,1,72,121.8,39,9.5,20,0,1,0
133111,61,0,92,109.3,42.9,8,0,0,1,0
133112,37,1,64,97.1,30,8.5,1,0,1,0
133113,37,0,73,119.4,39.2,7,4,0,1,0
133115,43,0,64,73.2,28.2,8,6,0,1,0
133116,53,1,81,67.7,22.9,8,4,0,1,0
133123,80,1,80,86.9,28.9,7,1,0,1,1
133125,40,1,75,112,33.6,7.5,6,0,1,0
133127,21,0,80,82.1,28.2,8.5,2,0,1,0
133129,80,0,82,76,33.8,8,4,0,1,0
133130,61,0,70,52.1,21.5,7,0,0,1,0
133131,55,0,76,60,22.3,8,7,0,1,0
133133,32,1,68,124.5,40.7,8.5,0,0,1,0
133134,28,1,82,96.3,29.9,7,22,0,1,0
133135,61,1,54,104.6,32.6,10,1,1,1,0
133139,80,1,69,81.7,28.6,8,0,0,1,1
133140,52,0,50,69.7,26.3,8,1,0,1,0
133143,31,0,93,79.1,27.6,9.5,1,0,1,0
133147,67,0,68,73.7,27.7,7.5,0,0,1,0
133150,24,0,75,71.3,25.4,8.5,3,0,1,0
133151,80,0,61,52.7,22.8,7.5,2,0,1,0
133153,24,1,49,75.7,22.7,6.5,1,0,1,0
133156,71,1,88,94.7,33.9,8.5,1,0,1,0
133159,63,0,56,68.7,26.4,8,4,0,1,0
133160,75,1,76,100.2,29.8,8.5,0,0,1,0
133161,51,0,80,65.2,24.6,6,0,0,1,0
133167,43,1,77,131.4,42.4,7,2,1,1,0
133169,48,0,58,66.2,24.5,6.5,10,0,1,0
133170,67,0,60,72.4,28.1,7,3,0,1,0
133171,55,1,59,99,32.2,5,1,0,1,0
133172,60,1,70,114.1,31.8,9,1,1,1,1
133174,39,1,68,73.5,23.8,8.5,4,0,1,0
133177,63,1,75,72.1,26.5,8,6,0,1,1
133178,80,0,79,65.6,26.9,9,3,0,1,0
133179,45,1,56,86.5,28.4,7,0,1,1,0
133181,33,0,86,111.3,43.3,8,18,0,1,0
133182,37,1,72,128.2,34.2,8,13,0,1,0
133184,56,1,79,90.1,27.9,5,0,0,1,1
133185,69,1,66,80.4,26.1,6,0,0,1,0
133191,58,0,66,109.9,39.3,7.5,3,0,1,1
133192,68,0,73,72.8,27.4,7.5,1,0,1,1
133194,32,0,59,65.8,28.6,7.5,6,0,1,0
133195,33,1,84,105.4,40.4,7,14,0,1,0
133202,30,1,66,99.8,27,9,6,0,1,0
133206,69,0,72,57.4,24.1,10,2,0,1,0
133208,57,1,72,99.8,34.7,4,2,0,1,0
133209,66,0,79,57.7,22.5,8,2,0,1,0
133211,58,1,84,93.2,26.5,10,2,0,1,0
133212,58,0,50,61.7,21.1,4,18,0,1,0
133216,51,0,78,98,35.7,8,5,0,1,0
133218,65,1,62,78.7,24.8,8,0,1,1,0
133221,74,1,59,96.1,31,7,3,0,1,0
133222,46,0,68,59,25.1,6.5,7,1,1,0
133224,73,0,69,76.9,28.3,9,0,0,1,0
133230,44,1,46,77.4,26.2,4.5,17,0,1,0
133233,65,0,62,69.9,30.7,6.5,4,0,1,0
133234,38,0,64,64.1,24.5,9.5,14,0,1,0
133236,60,1,62,84.9,25.2,7,7,0,1,0
133243,44,0,67,58.9,22.6,7,0,0,1,0
133246,62,0,60,66.8,24.8,6.5,2,0,1,0
133249,41,1,67,86.1,25.6,7,8,1,1,0
133250,57,0,63,85.1,31.1,6,1,0,1,0
133251,68,1,52,76,23.4,8,2,0,1,0
133255,52,1,92,81.2,25.6,8.5,3,0,1,0
133261,79,0,63,72,27.7,7.5,1,0,1,0
133262,21,0,88,63,22.6,9,9,0,1,0
133263,34,1,91,161.7,49.4,7,15,0,1,0
133270,60,1,61,121.9,39.7,7,0,1,1,1
133273,59,0,82,100.5,35.5,8,0,1,1,0
133277,60,0,60,72.5,27.4,7.5,0,0,1,0
133279,54,1,76,85.8,32.3,11,0,0,1,0
133283,73,0,63,48.6,20.5,8.5,0,0,1,0
133284,36,0,94,130.4,45.7,6,2,0,1,0
133287,71,1,61,115.3,35.5,8,0,0,1,0
133289,28,0,112,67.5,24.1,10,3,0,1,0
133291,68,1,82,103,30.4,7,2,0,1,0
133292,71,1,59,72.3,23.9,7,0,0,1,0
133293,68,1,60,101.6,34.8,5,0,0,1,0
133298,42,0,80,59.4,23.6,7,11,0,1,0
133299,57,0,62,63.7,24.3,9.5,9,1,1,1
133300,54,1,65,82.2,24.8,6.5,0,0,1,0
133302,66,0,73,58.5,21.7,8,2,0,1,0
133303,71,0,73,68.2,28.4,7,2,1,1,0
133305,39,0,64,71,25.8,8,5,1,1,0
133307,58,0,70,90.1,33.9,7,12,1,1,1
133310,63,0,59,76.8,33.5,9.5,5,1,1,0
133311,40,1,74,56.4,19.9,8,3,0,1,0
133315,76,1,61,83.2,22.2,8.5,0,0,1,0
133316,61,0,81,102.3,43,9,2,0,1,0
133317,41,1,48,85,25.2,8,1,0,1,0
133318,63,1,53,64.7,23.7,8,0,0,1,0
133320,47,1,85,115.7,32.7,8,0,0,1,0
133324,63,0,50,55.9,22.8,8,2,1,1,0
133325,40,1,63,98.3,28.6,6.5,2,0,1,0
133326,78,0,50,65.5,28.2,2,1,0,1,1
133329,55,1,74,97.8,30,8.5,0,1,1,0
133334,75,1,67,90.4,32.1,9.5,0,0,1,1
133336,63,0,57,98.4,40.1,8.5,2,0,1,0
133337,49,0,68,65.8,28.7,7.5,8,1,1,0
133338,42,1,67,55.8,23.9,9,2,0,1,0
133340,80,0,85,60.3,22.8,4,6,0,1,1
133342,46,0,63,87.4,31.5,6,5,0,1,0
133343,59,1,78,82,28.6,5.5,8,0,1,0
133344,73,0,71,65.2,27.6,7.5,0,0,1,0
133346,51,0,60,123.8,52.5,3,12,0,1,0
133348,47,1,69,141.2,41.4,8,5,0,1,0
133350,67,1,53,74.7,25.3,8.5,3,0,1,0
133352,22,1,75,128.5,41.6,8,7,0,1,0
133356,77,0,68,92.6,39.7,9,3,0,1,0
133357,77,1,71,96.4,30.9,8,0,0,1,0
133358,80,0,73,67.7,25.9,7,2,0,1,1
133360,55,0,67,51.5,19.8,9,3,0,1,0
133366,69,0,80,94.7,32.2,6,10,0,1,1
133369,63,0,77,54.1,20.5,6,3,0,1,0
133370,26,0,102,59.2,21.8,9.5,12,0,1,0
133373,24,0,79,57.7,19.8,8,1,0,1,0
133379,71,0,69,46.4,18.7,6.5,2,0,1,0
133380,69,0,61,64.9,27.8,6.5,4,0,1,0
133382,66,0,70,73.3,27,8,0,0,1,0
133388,32,1,88,92.3,27.4,13,7,1,1,0
133389,70,1,59,73.8,24.3,5.5,0,0,1,1
133390,49,0,69,106.6,38.5,8,4,0,1,0
133393,45,1,67,77.9,24,7,1,0,1,0
133394,62,0,58,68,26.2,7,7,0,1,0
133395,57,0,97,83,30.8,5,14,1,1,0
133396,48,0,68,89.3,29.5,7,3,0,1,0
133399,58,0,75,65.9,24.7,8.5,0,0,1,0
133401,59,1,98,94,30.3,8.5,0,0,1,0
133406,39,0,67,71.8,26.4,8,1,0,1,0
133414,45,0,80,153.8,50.2,9.5,2,1,1,0
133422,37,1,89,104.7,32.4,2,19,1,1,0
133425,31,1,76,55.2,19.9,10,0,0,1,0
133426,43,0,63,67.2,25.2,9.5,0,0,1,0
133427,43,0,65,73.7,28.4,3.5,6,0,1,0
133430,74,0,59,103.5,38.8,5,6,0,1,0
133434,30,0,56,84.9,30.8,10.5,8,0,1,0
133438,32,1,63,94.2,28,6,8,1,1,0
133439,43,0,69,95.4,38.3,7,2,0,1,0
133440,43,1,70,78.5,25.1,7.5,3,0,1,0
133441,49,0,73,54.7,19.8,8,2,0,1,0
133448,56,1,63,85.2,27.7,5,0,0,1,0
133451,48,1,74,86.5,27.9,8,2,0,1,0
133454,37,1,68,106.7,33,8,2,0,1,0
133457,39,0,69,78.6,33.4,10,1,0,1,0
133461,67,0,75,51,22.7,10,2,0,1,0
133465,68,0,59,67.9,29.3,9.5,0,0,1,0
133470,35,0,64,84.7,34.3,9.5,0,0,1,0
133472,80,0,53,49.8,17.9,8.5,1,0,1,0
133474,65,0,58,107.6,42.2,7.5,3,0,1,0
133476,55,0,63,63.7,25.8,7,10,1,1,0
133478,80,0,77,72.8,31.6,10,1,0,1,0
133479,50,1,76,85.8,27.2,9.5,3,1,1,0
133480,50,1,75,124,32.8,7.5,11,0,1,0
133481,29,1,76,90.4,30.6,7.5,10,0,1,0
133482,76,1,65,71.5,26,12,11,0,1,0
133487,77,1,72,94.9,30.5,9.5,1,0,1,1
133489,54,0,74,70.1,28.4,7.5,1,0,1,0
133491,68,0,64,81.9,31.1,9,12,0,1,1
133492,45,1,75,95.5,27.4,7,0,0,1,0
133496,25,1,56,76.7,25,7,4,0,1,0
133504,45,1,88,142,44.6,7.5,6,0,0,0
133506,79,1,60,62.8,26.8,9.5,3,0,1,0
133508,50,1,88,78.9,29.2,8,1,1,1,0
133510,22,1,53,55.4,18.8,10,1,0,1,0
133511,62,0,73,71.5,25.8,9,2,0,1,0
133513,71,0,58,80.6,33.3,8.5,0,0,1,1
133515,52,1,79,80.3,23.5,8,2,0,1,0
133520,30,0,68,71.5,26.5,7.5,3,0,1,0
133524,39,0,98,76,28.8,7.5,22,0,1,0
133525,59,0,71,59.4,24.3,12,13,0,1,0
133526,58,0,94,64.2,27,2,6,0,1,1
133529,62,1,76,82.8,29.1,7,0,1,1,0
133531,68,0,90,91.4,38.1,10,4,0,1,0
133532,63,1,54,102.2,32.5,6,5,1,1,0
133533,56,1,78,108.5,33.6,8,0,1,1,0
133535,29,0,80,119.8,39.8,9,0,0,1,0
133537,50,0,72,82.9,31.2,9,2,0,1,0
133539,80,0,71,84.5,31,10.5,9,0,1,1
133541,46,0,99,98.3,36.6,5.5,13,0,1,0
133543,69,0,60,62.7,26.5,9,9,0,1,0
133545,80,0,57,83.9,35,8,4,0,1,0
133547,37,0,57,89.7,34.3,6.5,11,1,1,0
133548,75,0,53,55,23.6,10,3,0,1,0
133549,21,1,60,77.7,22.2,8.5,8,0,1,0
133551,49,0,86,124.2,45.7,7.5,3,0,1,0
133555,58,0,54,63.1,22.6,7.5,3,0,1,0
133556,79,1,65,71.9,24.2,9,0,0,1,0
133558,66,1,77,122.6,35.3,8,7,0,1,0
133560,60,0,69,64.8,24.2,5,10,0,1,0
133563,80,1,67,75.6,26.3,6,1,0,1,0
133566,67,0,58,75.5,29.1,7,1,0,1,0
133567,80,1,80,79.3,26.1,11,0,0,1,0
133569,69,0,61,91.9,38.5,8.5,5,0,1,0
133570,29,1,73,106.6,34.4,6.5,3,0,1,0
133576,40,1,57,90.3,26.4,8,0,0,1,0
133579,56,1,93,90.6,30.5,8,3,0,1,0
133582,75,1,61,111.9,32.5,9,0,0,1,0
133583,64,0,69,72.6,29.6,5,10,0,1,0
133584,75,1,57,84.5,29,6,18,0,1,1
133588,38,1,73,86,25.2,9,3,0,1,0
133590,62,0,57,79,28.7,10,6,0,1,0
133593,30,1,81,84.5,26.9,7,6,0,1,0
133596,57,1,70,102.1,30.4,7.5,1,0,1,0
133597,56,1,52,154.7,47.5,12,17,0,1,0
133598,62,0,51,70.3,25.3,6.5,0,0,1,0
133600,74,0,65,49.6,19.8,7,1,0,1,1
133602,69,1,80,78.5,23.6,9,0,1,1,0
133603,64,1,85,77.8,26.9,7.5,1,0,1,0
133613,39,0,87,98.7,33.6,4,7,0,1,0
133615,54,1,62,78,29.1,5,0,0,1,0
133617,60,0,77,45.9,17.3,8,2,1,1,0
133621,72,0,73,69.5,28,8,0,0,1,0
133622,54,1,56,148.5,48.2,5,1,0,1,0
133624,49,0,62,140.7,51.9,5.5,9,0,1,0
133627,57,1,71,73.2,22.4,6.5,11,0,1,0
133628,53,1,78,84.6,28.7,7.5,0,0,1,0
133630,40,1,78,73.2,22.1,8,11,0,1,0
133631,62,1,76,90.3,30.5,8,3,1,1,0
133633,73,0,59,53.5,22.2,9.5,6,0,1,0
133634,50,1,66,94.9,32.6,8.5,1,0,1,0
133635,44,1,51,117.4,38.2,7,3,0,1,0
133637,54,0,62,74.9,26.8,7.5,4,0,1,0
133638,31,0,84,63.2,25.8,9,0,0,1,0
133640,30,0,79,57.1,22.9,6.5,10,0,1,0
133641,45,0,83,70.3,26.5,8.5,0,0,1,0
133645,58,1,101,78,22.3,5,5,1,1,0
133646,21,0,61,73.7,25,10,3,0,1,0
133648,28,0,74,62.6,21.7,6,2,0,1,0
133657,35,1,61,60.2,23.4,8.5,0,0,1,0
133659,80,0,66,70.2,29.7,8.5,5,0,1,0
133664,67,1,83,101.3,34.9,7,4,0,1,0
133666,33,1,60,95,28.9,7.5,4,0,1,0
133670,21,1,67,75.2,21.4,9,2,0,1,0
133676,60,0,64,67.8,28.5,7.5,0,1,1,0
133680,28,0,71,56.5,22.2,7,11,0,1,0
133681,35,1,63,85,27.8,9,10,0,1,0
133683,56,0,57,43,19.8,8,0,0,1,0
133686,63,1,61,95.8,28.3,7.5,0,0,1,0
133688,55,0,83,49.1,18,6,10,1,1,1
133689,55,1,68,86.2,26,5,12,1,1,0
133690,72,1,76,84.3,29.4,5.5,0,0,1,1
133692,64,1,61,75,25.9,11,3,0,1,1
133693,59,0,59,58.2,23.3,8,1,0,1,0
133694,56,1,62,79.3,25.3,13,10,0,1,0
133698,66,0,67,60.9,19.7,6,2,0,1,0
133700,68,0,76,96.2,41.5,9,1,0,1,1
133702,62,0,60,76.4,29.7,9,0,0,1,0
133703,27,1,56,67.3,22.1,7.5,0,0,1,0
133704,68,1,68,83.4,26.6,9.5,0,0,1,0
133707,43,0,69,85,29.6,8,0,1,1,0
133713,80,1,68,74.2,26.2,10,8,0,1,0
133715,70,1,51,119.6,36.5,8.5,6,1,1,0
133717,23,0,83,76.4,26.6,7,13,0,1,0
133718,40,1,64,91.8,30.3,6.5,0,0,1,0
133723,58,0,79,78.4,29.9,7.5,0,0,1,0
133725,60,0,80,81.7,30.6,9.5,2,0,1,0
133726,68,0,82,67.8,25.3,5,8,0,1,0
133730,27,0,76,89.8,32.2,6,5,0,1,0
133731,31,1,56,86.7,27.6,5,6,1,1,0
133743,60,1,49,83,25.4,8,14,0,1,1
133748,65,1,52,107.9,33.2,7,0,0,1,0
133751,36,0,77,90,33.8,7.5,5,0,1,0
133753,73,1,75,69.2,23.3,10,1,1,1,1
133760,22,0,80,72.6,27.4,7,12,0,1,0
133762,39,1,86,67.5,24.1,7.5,7,0,1,0
133764,48,1,86,72.7,23.6,7,2,0,1,0
133766,66,0,100,83.5,31.5,9,2,0,1,1
133769,31,0,75,63.5,28.3,8.5,0,0,1,0
133772,24,0,61,66.8,27.3,7,2,0,1,0
133773,44,0,77,50.8,19,8.5,1,0,1,0
133774,68,1,77,78.1,25.2,8,3,0,1,0
133777,57,1,88,100.6,34.3,7,6,1,1,0
133778,31,1,75,82.5,29.5,4,22,0,1,0
133779,69,0,71,58.4,24,8,1,0,1,0
133780,70,0,80,64.9,24.3,8.5,0,0,1,0
133783,31,1,80,119.5,35.4,7.5,12,0,1,0
133784,74,0,80,89.2,31.6,9,0,0,1,0
133786,71,0,68,99.6,36.3,6,2,0,1,0
133787,25,1,61,59.5,20.9,14,3,0,1,0
133791,40,0,77,111.5,39.2,7.5,3,0,1,0
133792,34,0,80,97.9,39.9,5,13,0,1,0
133793,39,0,77,48.9,18.8,4,17,1,1,0
133794,44,1,56,73.5,23.3,8,5,0,1,0
133796,54,1,80,69.1,25.4,6.5,0,0,1,0
133798,77,1,53,87.4,28,7.5,0,0,1,0
133799,73,0,70,112.1,44.5,8,1,0,1,1
133800,57,1,90,101.5,31.4,11,1,0,1,1
133801,74,0,56,83.5,34.3,9,1,1,1,0
133802,69,1,62,101.9,36.1,8,0,1,1,0
133806,49,1,66,89.1,25.4,7,2,0,1,0
133808,40,1,65,87.6,26.7,6,7,0,1,0
133810,76,0,75,70.5,27.8,5.5,4,0,1,0
133811,23,1,66,130.3,39.6,9,0,1,1,0
133821,60,1,77,93,29.9,7,11,1,1,0
133827,67,1,58,75,28.7,8.5,0,0,1,1
133831,62,0,89,67.7,29.6,7.5,4,1,1,0
133835,21,0,74,114.3,43.1,8,10,0,1,0
133836,74,1,93,81.6,27.6,7.5,14,0,1,0
133838,80,0,61,71.4,34.7,9,1,0,1,0
133839,29,1,80,97.3,31.1,8,5,0,1,0
133840,34,0,75,88.9,31.9,9.5,2,1,1,0
133841,66,0,73,98.4,39.1,6,4,0,1,0
133843,74,0,69,64.5,27,8,2,0,1,0
133846,54,1,60,96.8,32.9,5,4,0,1,0
133852,69,0,84,95.4,41,6.5,1,1,1,1
133856,20,1,56,67.4,21.5,7,0,0,1,0
133857,56,0,75,64.5,25.1,8,14,0,1,0
133858,49,0,66,66.9,26,7,2,0,1,0
133859,74,0,64,64.9,26.7,6,7,0,1,0
133861,62,1,83,101.4,34.2,7.5,4,0,1,0
133865,50,1,79,127.3,42.9,9,0,0,1,0
133868,61,0,56,64.7,27.6,8,0,0,1,0
133870,36,0,85,95.5,33.8,9,12,0,1,0
133874,37,0,68,62.1,23.1,8,12,0,1,0
133875,71,1,53,67.4,24.9,7,3,0,1,0
133877,34,1,79,59.7,17.9,7,2,0,1,0
133878,78,1,90,90.4,30.3,7,3,0,1,0
133882,65,0,67,91,36.9,3,17,0,1,0
133883,72,1,75,121.1,38.8,8.5,0,0,1,0
133893,46,1,58,97.3,33.7,6,3,0,1,0
133894,43,1,60,101.4,27.7,7.5,0,0,1,0
133895,34,0,73,69.3,22.1,8.5,8,0,1,0
133907,80,1,63,78.4,26.2,10.5,3,0,1,1
133909,22,0,92,64.4,22.9,8,0,0,1,0
133912,68,0,73,77.2,29.4,7,2,0,1,0
133915,45,0,65,57.5,22.6,11,4,0,1,0
133916,80,1,102,92.5,26.7,10,0,0,1,0
133919,44,1,63,105.7,30.8,4,3,0,1,0
133930,72,1,66,68,25.9,6,1,0,1,1
133933,58,1,66,89.2,34.5,8,5,0,1,0
133934,65,0,90,75,30.4,8.5,0,0,1,0
133937,23,0,85,77.6,26.3,6.5,3,0,1,0
133938,23,0,83,63.7,23.2,9,15,0,1,0
133940,39,0,67,72.1,29.1,7.5,4,0,1,0
133943,41,0,67,75.1,28.5,9,0,0,1,0
133945,70,1,72,92.5,32.1,9,0,0,1,0
133946,80,1,78,98.5,30.3,8,0,0,1,0
133951,48,1,73,69.8,22.2,8,3,0,1,0
133954,80,0,72,55.3,22.5,11,3,0,1,0
133955,52,1,83,83,23.9,6,4,0,1,0
133956,43,0,85,83.8,33.1,7.5,4,0,1,0
133957,69,1,58,77.7,24.1,7,1,0,1,0
133958,59,1,85,132.1,44.5,6,0,0,1,0
133959,63,1,79,92.7,32.2,8.5,0,0,1,1
133965,65,0,74,64.2,26.5,9,3,0,1,0
133971,22,1,85,94.4,30.2,7,9,0,1,0
133972,50,1,63,84.5,26.9,6.5,2,1,1,0
133976,34,0,77,63.7,27.8,7,1,0,1,0
133978,30,1,65,79.1,25.5,9,0,0,1,0
133984,53,0,66,98,40.3,8.5,6,0,1,0
133986,53,1,88,84.3,25.2,7.5,0,0,1,0
133988,73,0,69,120.5,45.9,9.5,0,0,1,0
133992,47,0,73,64.2,24.3,8,2,0,1,0
133994,51,1,69,108.8,38.2,6,2,0,1,0
133995,43,1,52,63.9,22.3,6.5,2,1,1,0
134002,29,0,65,45.1,18.6,8,0,0,1,0
134003,54,0,85,78.1,29.9,8,0,0,1,0
134006,70,0,64,72.1,29.4,7.5,1,0,1,0
134007,61,0,58,72.1,32.3,8.5,3,0,1,0
134010,71,0,75,67.2,27.2,6,7,0,1,0
134012,51,0,87,57.3,19,5.5,14,1,1,0
134019,51,1,71,68.1,28.6,5,13,0,1,0
134021,58,0,69,117,36.8,7,4,1,1,0
134022,24,0,95,49.6,19.7,7.5,4,0,1,0
134024,66,0,64,60.9,23.6,8,4,1,1,0
134025,65,0,58,72.6,28.3,8.5,1,0,1,1
134027,38,1,68,163.5,50.5,9,2,0,1,0
134028,68,1,54,90.4,31.1,8,2,0,1,0
134029,37,0,70,88.1,35.7,5,7,0,1,0
134037,55,1,53,85.9,27.4,8,0,0,1,0
134040,49,1,66,86.2,27.8,5,7,0,1,0
134042,80,1,59,126.4,39.9,10.5,1,0,1,0
134044,62,1,68,82.6,30,10,5,0,1,1
134045,80,0,59,64.5,24.3,7.5,0,0,1,1
134047,30,1,61,77.6,22.4,8,10,0,1,0
134049,65,0,67,59.3,24.8,7.5,3,0,1,0
134050,49,1,65,156.1,46.2,6.5,5,0,1,0
134051,41,0,66,81.8,35.1,8,2,0,1,0
134056,67,1,67,68.8,22.5,10,0,0,1,0
134057,62,1,68,107.9,37.5,7,0,0,1,0
134062,76,1,91,110.3,33.9,8,0,0,1,0
134064,78,1,49,94.5,29,9,10,0,1,1
134066,53,0,61,98.1,32.5,6,0,0,1,0
134068,71,1,65,104.3,40.4,9,7,0,1,0
134073,63,1,62,85.6,29.7,5,4,0,1,0
134075,35,1,93,105.4,37.9,12,3,0,1,0
134077,40,0,108,128.7,46.9,7.5,8,0,1,0
134079,75,1,82,92.3,30.2,7.5,2,0,1,1
134081,73,0,61,64.1,25.9,10,0,0,1,0
134082,48,1,88,74.9,25.7,8,0,0,1,0
134083,71,0,78,57.7,23.6,7,1,0,1,0
134084,77,0,72,79.7,31.8,7,1,0,1,0
134088,55,1,68,92.7,29.6,7,1,0,1,0
134090,70,0,81,78,29.6,7,9,0,1,0
134091,37,1,84,101.5,34.1,7,2,0,1,0
134092,78,0,62,65.8,25.4,8,1,0,1,0
134093,57,0,80,61.4,25.5,6,0,0,1,0
134095,59,0,67,97.2,33.1,5.5,0,0,1,0
134096,59,1,70,58.6,18.9,9,3,1,1,0
134098,57,1,93,93.9,28.6,7.5,0,0,1,0
134099,28,1,63,72,22.2,8.5,2,0,1,0
134100,73,1,75,79,27.4,6,0,1,1,0
134106,67,0,75,63.5,26.1,9,0,0,1,0
134109,37,1,65,74.8,27.2,7.5,7,0,1,0
134110,80,1,69,72.4,27.6,9,2,0,1,0
134112,80,0,77,60.9,23.8,3.5,5,0,1,0
134113,80,1,79,86.9,29.2,7.5,0,0,1,0
134114,70,0,71,62.6,26.2,9,5,0,1,0
134115,29,0,85,118.7,41.4,8,6,0,1,0
134119,45,1,75,134.8,41.1,6.5,4,0,1,0
134129,80,0,66,75.7,29,9.5,1,0,1,0
134134,69,1,58,82.1,26.5,9,3,0,1,0
134137,30,1,66,130.1,44.2,8,2,0,1,0
134141,70,0,107,52.9,21.4,9.5,0,0,1,0
134142,20,1,70,65,21.3,5.5,3,0,1,0
134144,70,1,67,80.1,27,7.5,0,0,1,0
134145,51,1,67,138.3,41.7,6,19,0,1,0
134146,71,0,65,90.3,34.4,5,0,0,1,0
134147,68,1,56,81,29.6,8,1,0,1,0
134151,70,0,65,72.8,29.8,8.5,11,0,1,0
134154,57,0,53,62.1,27.2,7,5,0,1,0
134156,62,1,47,120.1,34.6,9,1,0,1,0
134163,36,1,74,96.3,33.6,8.5,6,1,1,0
134164,33,1,63,85.4,23.9,7,1,0,1,0
134166,49,0,72,72.7,26.8,8,3,0,1,0
134168,36,1,71,83.3,27.8,8,8,0,1,0
134171,59,0,87,42.9,18.8,7,13,0,1,0
134172,50,0,70,99.8,42.1,5,4,0,1,0
134173,36,1,59,78.1,24.5,6,0,1,1,0
134178,63,1,66,70.1,25.8,9.5,16,0,1,1
134183,52,1,56,86,30.5,8,2,0,1,0
134184,28,0,69,80.6,31.4,8,3,0,1,0
134185,57,1,49,54,17.3,7,2,0,1,0
134187,67,0,76,60.1,26.7,8.5,1,0,1,0
134189,53,1,74,107.2,33.8,7.5,5,0,1,0
134190,36,1,95,113.7,33.7,6,8,0,1,0
134193,72,1,55,113.8,33.9,8,0,0,1,0
134197,25,1,60,67.8,23.3,7,3,0,1,0
134198,46,0,88,102.5,33.5,7.5,3,0,1,0
134201,32,0,81,66.1,28,7,1,0,1,0
134203,41,1,72,101.8,31.5,7,1,0,1,0
134204,80,1,67,75.1,25.6,11.5,3,0,1,0
134208,41,1,83,104,29.9,8.5,1,0,1,0
134209,58,1,48,75.4,23.4,8,1,0,1,0
134210,55,0,61,98.1,38.6,6.5,8,0,1,0
134211,62,1,68,123.7,38.7,7,2,0,1,0
134212,68,0,59,70.3,24.2,6,5,0,1,0
134215,27,0,65,82,26.6,8.5,3,0,1,0
134217,38,0,85,96.4,36.1,5.5,0,0,1,0
134221,71,1,75,122.7,41.1,8,2,0,1,1
134222,44,1,75,92.7,28.7,8,7,0,1,0
134227,71,0,74,65.7,27.2,9,3,1,1,0
134230,61,1,85,62.6,22.8,6.5,2,0,1,0
134231,26,1,98,96,29.6,8.5,5,0,1,0
134232,72,1,68,122.6,43,6,7,0,1,0
134234,20,0,81,83.6,29.5,8,18,0,1,0
134235,44,0,66,72.1,30,7,3,0,1,0
134237,68,0,60,59.1,24.1,11.5,7,1,1,0
134238,57,1,55,79.8,27.8,8.5,1,0,1,0
134240,74,0,73,90.6,40,7.5,8,0,1,0
134241,73,1,79,96.6,33.1,10,0,0,1,1
134244,38,1,56,105.3,34.1,7.5,0,0,1,0
134247,44,1,66,77.1,22,7,0,0,1,0
134249,44,0,62,84,28.7,9,9,0,1,0
134253,48,0,66,83.6,34.4,8,13,0,1,0
134254,61,0,76,111.3,47.7,8,3,0,1,0
134255,64,1,70,85.9,25,9,1,0,1,0
134259,30,0,76,100.2,35.4,6,3,1,1,0
134262,80,0,80,60.6,24.3,8.5,0,0,1,0
134264,43,0,72,77.4,28.5,8,1,0,1,0
134265,63,0,61,107,39.2,6.5,2,0,1,0
134268,27,0,89,122.4,40.2,7.5,10,0,1,0
134271,52,0,78,101.1,37.7,5,18,1,1,0
134272,22,0,78,53.6,22.9,8,7,0,1,0
134273,72,0,65,76.9,28.4,10,6,0,1,0
134280,25,0,83,56.2,19.9,7,8,0,1,0
134281,61,1,69,80,27.2,5.5,0,0,1,0
134282,60,0,65,68.8,28.5,10,4,0,1,0
134283,62,0,65,73.1,32.1,9,3,0,1,0
134296,69,1,74,74.5,31.3,11,0,0,1,0
134297,31,0,83,68.3,26.6,5,4,0,1,0
134298,31,0,68,70.1,27.7,6,10,0,1,0
134301,37,1,82,75.3,22.8,8,0,0,1,0
134302,70,1,67,77.7,27.5,6.5,3,1,1,0
134303,61,0,72,89.3,36.2,5,7,0,1,0
134304,42,1,64,101.5,35.7,7,0,0,1,0
134310,63,1,73,74.2,23.5,8.5,0,0,1,0
134311,74,0,68,85.4,33.7,8,2,0,1,0
134312,61,0,62,76.6,31.1,8,5,0,1,0
134315,80,1,89,102.7,33.3,7,0,0,1,1
134316,60,1,81,76.1,24.9,8,4,0,1,0
134323,70,0,53,64,24.7,9,4,0,1,0
134324,57,1,69,124.9,44.4,8,3,0,1,0
134327,80,1,54,79.8,26.8,7.5,0,0,1,1
134330,20,1,70,112.4,36.5,7,10,0,1,0
134331,55,1,60,96.6,29.6,8.5,1,0,1,0
134332,29,0,55,105.8,40.8,7,4,0,1,0
134334,59,1,76,116.3,37,8,0,1,1,0
134336,22,0,65,56.9,22.5,9,3,0,1,0
134337,69,0,60,100.4,39,10.5,8,0,1,1
134339,67,1,100,79.6,26.5,7,1,0,1,0
134341,59,0,65,76.5,28.8,6.5,12,0,1,0
134343,67,1,48,63.8,19,8,0,0,1,0
134348,61,0,71,192.1,68.5,8,10,0,1,0
134350,64,0,55,90.6,30.7,9.5,0,0,1,0
134353,46,1,82,72.8,23.4,6.5,0,0,1,0
134354,50,1,67,118.5,38.4,7,0,0,1,0
134356,62,0,83,101.6,34.7,8,3,0,1,0
134362,37,0,81,75.8,28.6,9.5,4,0,1,0
134366,49,0,71,70.2,29.4,9,0,0,1,0
134369,80,1,50,76.7,26,8,2,0,1,0
134373,29,0,80,80.4,30.7,9,2,0,1,0
134375,63,0,99,103.3,36,6,0,1,1,0
134378,66,1,51,104.9,32.5,7.5,0,0,1,1
134379,38,0,70,66,26.7,10,5,0,1,0
134381,75,1,62,76.1,24.4,10,4,0,1,0
134382,61,0,81,95.4,39.9,11,15,1,1,0
134383,71,0,65,82.2,33.6,6,3,0,1,0
134385,28,0,80,75.6,27,7,0,0,1,0
134388,65,0,67,64.4,24.3,9,1,0,1,0
134389,69,0,59,82.5,28.3,8,1,0,1,0
134392,41,0,69,59.7,24.2,9,1,0,1,0
134393,42,0,68,99.2,39.2,5.5,9,0,1,0
134394,50,0,90,107.2,39.5,11,15,0,1,0
134400,74,0,61,61,20.4,9.5,0,0,1,0
134401,35,1,68,80.9,25.3,7,4,0,1,0
134403,68,0,66,96.4,35,7,0,0,1,0
134404,52,0,81,67.6,28.5,8,0,0,1,0
134405,76,1,71,73.4,23.8,7,0,0,1,0
134406,80,1,62,66.7,24.9,8,0,0,1,0
134407,52,0,73,69.7,28.4,10,5,1,1,0
134408,77,1,81,78,26.2,6.5,5,0,1,0
134409,56,1,51,89,27.7,7,1,0,1,0
134410,51,0,79,86.6,31.3,8,3,0,1,0
134411,74,1,73,53.2,17.7,10,4,1,1,0
134413,33,1,89,248.2,68.9,7,3,0,1,0
134414,74,0,53,63.7,23.6,8.5,0,0,1,0
134417,78,0,67,90.3,37.6,9,1,0,1,1
134421,69,1,85,84.1,29.5,9,7,0,1,0
134425,65,0,86,63.2,25.6,8,0,0,1,0
134429,80,0,48,77.2,30.8,9,0,0,1,0
134430,33,1,73,87.3,27.8,9,2,0,1,0
134432,44,1,64,131.4,37.6,9,0,0,1,0
134435,58,0,98,47.6,17,7,9,1,1,0
134443,65,1,51,70.6,24.5,7.5,1,0,1,1
134450,58,0,87,123.5,44.8,8.5,1,0,1,0
134453,68,0,55,52.4,19.5,4,14,0,1,0
134454,60,0,84,85.9,32.5,8,3,0,1,0
134456,33,1,93,86.4,27.5,6.5,5,1,1,0
134462,35,1,59,86.1,29.1,10,0,1,1,0
134464,20,0,61,47.3,20,6,0,0,1,0
134467,65,0,69,65.8,23.6,8,0,0,1,0
134468,32,1,73,90.7,26.5,6.5,0,0,1,0
134470,57,1,82,73.2,26.1,6,23,1,1,0
134471,39,0,85,119.3,45.9,10.5,6,0,1,0
134472,35,1,63,86.4,29,7,2,0,1,0
134475,64,0,77,95.1,35.3,10,0,0,1,0
134477,46,0,81,90.2,34.7,9,9,0,1,0
134479,55,1,84,79.3,27.7,7,15,0,1,0
134482,37,1,60,58.3,21,9,1,0,1,0
134487,23,1,84,117.1,41.1,12,2,0,1,0
134488,68,1,61,78.7,30.7,5,20,0,1,0
134489,68,0,66,69.1,28.2,7,2,0,1,0
134490,44,1,62,69.5,23.2,7.5,0,0,1,0
134491,38,0,64,88.1,33.9,9,4,0,1,0
134493,21,1,63,94.6,30,8.5,1,0,1,0
134495,38,1,69,67.8,24.4,7,2,1,1,0
134496,60,1,81,84.7,29.5,8,0,0,1,0
134497,71,1,45,89.4,30.5,7,3,0,1,0
134501,66,1,89,82.9,29,8,3,1,1,1
134502,80,1,74,92,27.6,7,0,0,1,0
134503,40,1,71,69.2,27.1,3.5,8,0,1,0
134506,21,0,82,63.3,28.2,6,6,0,1,0
134507,46,0,63,66.8,23.1,7.5,5,0,1,0
134510,37,0,71,97.4,35.3,7.5,1,0,1,0
134511,34,0,88,111.5,39.2,8,7,0,1,0
134514,37,0,67,98.4,34.5,7.5,8,0,1,0
134515,55,1,71,102.1,34.4,8.5,5,0,1,0
134516,57,1,61,102.6,32,2,9,1,1,0
134517,79,1,76,102,30.9,8,5,0,1,0
134519,58,0,70,93.3,35.4,9.5,2,0,1,0
134523,67,1,62,82.3,26.7,8,0,0,1,0
134529,70,1,66,104.3,34.6,8.5,1,1,1,1
134531,42,0,63,64.8,27.9,10,2,0,1,0
134536,43,0,69,57.8,23.1,8.5,2,0,1,0
134537,36,1,67,91.6,31.7,7,2,0,1,0
134538,61,0,78,85.4,34.4,7.5,6,0,1,1
134541,31,1,94,123,42.6,7,9,0,1,0
134544,62,1,71,92,29,7,2,1,1,0
134545,23,1,81,116.3,32.8,6.5,4,0,1,0
134550,78,0,61,45.4,19,8,1,0,1,1
134554,74,0,58,64.6,24.1,8,5,0,1,0
134559,71,1,69,83.9,30.9,5,0,0,1,0
134562,65,1,99,125.9,38.6,11,7,0,1,1
134563,60,1,71,71.9,25.4,10.5,1,0,1,0
134564,24,0,80,63.3,23.3,7,6,0,1,0
134566,52,1,69,101.2,34.4,5,0,0,1,0
134570,36,1,68,84.8,26.8,7.5,10,0,1,0
134571,29,0,71,84.8,32.1,6.5,1,0,1,0
134572,26,0,67,68.6,27.3,7,6,0,1,0
134574,39,0,73,69.8,28.1,9,3,0,1,0
134579,25,0,74,68.5,24,6.5,4,0,1,0
134580,28,0,81,81.4,31.6,9,11,0,1,0
134581,40,1,51,104.5,33.4,9,2,0,1,0
134582,35,0,86,98.5,41.4,5,11,0,1,1
134583,77,0,73,71.1,29.7,4,6,0,1,0
134585,29,0,90,60.2,23.2,9.5,2,0,1,0
134587,60,1,66,70.8,23,7,2,0,1,0
134590,28,0,64,66.3,21.2,9,5,0,1,0
134591,20,0,75,70.8,26.1,8,2,0,1,0
134594,32,0,67,96.3,35.1,8,6,0,1,0
134596,28,1,52,68.2,21.4,8,7,0,1,0
134598,40,0,103,45.8,19.1,8,3,1,1,0
134602,75,0,77,71.4,29.2,8,10,0,1,0
134603,75,0,80,82.2,27.5,8,3,0,1,0
134604,49,1,66,106.7,35.1,7,7,0,1,0
134606,23,1,88,88.3,27.2,8,4,0,1,0
134607,59,1,50,99.2,29.3,7,4,0,1,0
134612,59,0,74,111.5,37.5,6.5,16,0,1,1
134613,53,0,63,79.5,26.4,9,0,0,1,0
134615,74,0,84,77,30.3,9,0,0,1,0
134617,80,0,85,52.5,23,8,0,0,1,1
134620,43,1,52,78.4,31.9,8,0,1,1,0
134623,60,0,66,130.6,52,7.5,3,0,1,0
134624,25,1,67,110.7,35,7,3,1,1,1
134627,58,1,60,151.3,48.5,8,1,0,1,0
134631,50,1,75,110.5,32.6,7.5,0,0,1,0
134634,26,0,71,87.7,37.2,9,8,0,1,0
134635,36,0,69,71.3,22.9,7.5,3,0,1,0
134637,55,1,81,94.9,31.9,5.5,4,1,1,0
134645,66,0,69,69.6,26.6,7,0,0,1,0
134651,25,1,67,114.5,31.2,8.5,14,0,1,0
134655,80,0,57,70,28.9,7,4,0,1,1
134657,67,1,53,77.9,24.6,8,1,0,1,0
134658,79,1,56,69.2,19.9,6,2,0,1,1
134660,51,1,63,95.4,30.5,7,9,0,1,0
134665,41,0,59,71.4,24.2,6.5,0,0,1,0
134671,36,0,84,71,24.9,7,8,0,1,0
134672,51,1,67,64,20.7,8.5,0,0,1,0
134676,26,0,68,134.9,51.7,7,13,0,1,0
134677,64,0,100,81.7,28.9,8,2,0,1,0
134683,45,0,61,83.1,31.1,8,8,0,1,0
134685,36,1,85,151.3,48.7,5,0,0,1,0
134687,62,0,72,67,31.4,7,8,0,1,1
134690,52,0,88,96,39.5,9,7,0,1,1
134691,75,1,74,79.8,26.1,9,1,0,1,1
134692,80,0,66,90.3,34.6,7,4,0,1,0
134696,29,1,78,80.2,27.3,7,9,0,1,0
134704,51,0,67,67.7,27.7,3.5,12,0,1,0
134707,63,0,56,116.5,48.5,8.5,0,0,1,1
134708,46,1,76,113,32.6,6.5,2,0,1,0
134711,24,1,51,142.5,36.3,5,16,0,1,0
134712,68,0,86,78.9,28.6,8,2,0,1,0
134715,22,0,87,64,21,9,12,0,1,0
134717,38,1,69,105.9,33.1,6.5,5,1,1,0
134721,47,0,58,76.6,29,7,3,0,1,0
134723,70,0,77,81.6,32.2,6,10,0,1,0
134725,76,1,75,85.2,29.1,4.5,0,1,1,0
134727,52,0,97,79.9,32.8,7,7,1,1,0
134729,68,0,72,70.2,27.8,6.5,0,0,1,0
134730,26,0,76,63.4,24.6,8.5,0,0,1,0
134731,27,1,71,78.8,28.3,8.5,7,0,1,0
134732,32,1,60,132.9,38.4,7,13,0,1,0
134734,30,1,56,51.5,19.5,4,8,1,1,0
134737,23,1,74,85.4,27.9,10.5,9,0,1,0
134740,73,1,65,78.3,25,9,0,1,1,1
134743,65,0,62,61.9,25,6.5,3,0,1,0
134744,55,1,61,94.7,32.3,5,0,0,1,0
134745,42,1,81,73.2,24.2,8,1,1,1,0
134746,44,0,73,67.7,30.5,7,0,0,1,0
134748,29,1,65,110.6,31.6,5.5,6,0,1,0
134751,44,1,74,76,25.2,7,6,0,1,0
134756,54,0,78,52.1,23.6,7.5,7,1,1,0
134757,27,0,72,75.5,31.2,7,6,0,1,0
134759,41,0,65,61.6,24.2,5,9,0,1,0
134760,62,1,52,87.4,26.4,8.5,5,0,1,0
134769,52,1,76,86,26.5,8.5,0,0,1,0
134771,80,0,76,54.3,21.1,11,2,0,1,1
134776,72,0,59,63.6,26.3,8.5,0,0,1,0
134781,25,0,58,44.1,18.2,8,4,0,1,0
134788,61,1,85,88.9,31.6,7,0,1,1,0
134790,29,0,74,73.6,28.4,8.5,10,0,1,0
134791,36,0,71,120.1,42,8,9,0,1,0
134793,49,1,50,75.8,23.3,5.5,8,0,1,0
134794,64,0,77,106,38.6,8,7,1,1,0
134802,56,0,51,62.7,22.5,8,3,0,1,0
134804,66,0,65,104,42.6,7,6,0,1,0
134805,65,0,80,88.5,31.8,7,3,0,1,0
134806,37,0,68,58.7,23.5,7.5,2,0,1,0
134812,74,0,64,62.6,25.4,9,4,1,1,1
134813,79,1,74,68.1,22.1,10,0,0,1,0
134817,80,1,59,89.2,32.1,9,2,0,1,0
134822,71,1,61,78,26,8,1,0,1,1
134824,59,0,68,81,30.2,7.5,3,0,1,0
134826,50,0,73,56.5,22.6,7.5,1,0,1,0
134827,80,0,61,67.1,28.2,9,0,0,1,0
134828,51,1,84,93.6,28.6,7,16,0,1,0
134831,21,0,81,83.7,28,5.5,3,0,1,0
134834,71,0,79,64.2,30.2,7.5,18,0,1,1
134836,49,1,53,71.3,24.7,5,2,0,1,0
134839,27,1,55,75.5,23.6,5,13,0,1,0
134845,69,0,78,78.1,29.4,7.5,4,0,1,0
134850,60,0,65,69.2,25.7,6,2,0,1,0
134851,47,0,55,73.2,27.9,7,0,0,1,0
134856,32,0,63,84.6,31.7,9,7,0,1,0
134857,34,0,79,127.6,47.9,8,11,0,1,0
134858,32,1,66,110.8,32,3.5,17,1,1,0
134859,40,0,76,75.2,29.6,6,1,0,1,0
134864,62,0,67,93.2,37.6,9,4,0,1,0
134870,33,1,71,64.4,19,7,6,0,1,0
134874,65,0,80,73.1,26.6,8.5,2,1,1,0
134877,60,1,73,78.4,24.9,10,13,0,1,1
134878,40,1,73,99.8,30.5,7.5,1,0,1,0
134879,71,0,67,91.4,33,5,3,0,1,0
134886,65,0,74,49.2,21.4,5,5,0,1,0
134890,58,0,84,91.2,31.4,9,1,0,1,0
134891,80,1,58,67.2,24.7,8,4,0,1,0
134894,39,1,98,92.2,28.8,10,4,1,1,0
134896,34,0,74,84.3,30.6,6,5,1,1,0
134897,64,1,54,56,19.7,8,0,1,1,0
134899,60,1,75,89.5,34.8,7.5,11,1,1,0
134902,41,0,59,58.1,21,8,5,0,1,0
134903,71,0,65,72.5,25.9,8,2,1,1,0
134904,56,1,50,116.5,38.3,8.5,2,0,1,0
134906,60,1,48,164.4,50.1,7.5,9,0,1,1
134908,72,1,61,71.6,25.5,8,0,0,1,0
134910,74,0,66,64.2,29.7,9,0,0,1,0
134916,47,1,80,147.7,52.3,6.5,5,0,1,0
134917,22,0,88,69.7,25.4,9.5,1,0,1,0
134918,72,1,79,72.2,29.4,7.5,0,0,1,1
134919,48,0,79,80,27.7,8,5,0,1,0
134920,67,0,73,107.1,41.4,9,4,0,1,0
134922,61,0,62,80.2,35.4,6,6,0,1,0
134926,28,0,55,60.5,20.9,5.5,0,0,1,0
134928,70,0,48,74.1,27.7,10,3,0,1,0
134929,55,0,68,90.1,35.3,5.5,4,1,1,0
134932,70,1,80,87.1,28.9,7,0,1,1,0
134935,21,0,88,104.5,37.9,8,7,0,1,0
134939,66,0,72,48.2,19.5,13,8,1,1,1
134940,51,0,67,184.2,67.1,8,15,0,1,0
134941,41,0,71,138,45.9,4,12,1,1,0
134942,80,1,79,75.7,24.5,8,0,0,1,0
134943,74,0,74,86.6,34.4,8.5,6,0,1,0
134944,80,1,84,76.3,28.4,8,16,1,1,1
134946,65,1,52,81.6,27.7,7.5,2,0,1,0
134951,50,0,96,68.2,25,7,1,0,1,0
134953,62,0,67,66,25.3,8.5,2,0,1,0
134955,65,1,62,81.5,27.1,8,3,0,1,0
134957,62,0,76,84.1,31,7,0,1,1,0
134961,71,1,93,103.7,32.8,6,4,0,1,0
134962,33,0,89,65.3,28.3,10,3,1,1,0
134964,68,0,69,105.9,37.9,7.5,0,0,1,0
134965,66,0,50,65.1,27.8,5,25,1,1,1
134966,52,1,72,82.5,28.6,8.5,1,0,1,0
134967,62,0,76,63.5,28.6,5,3,0,1,0
134969,42,0,70,68.2,25.1,9,12,0,1,0
134970,48,0,68,146.2,51.6,8,12,0,1,0
134971,68,1,84,89.5,28.6,8,5,0,1,1
134972,34,0,85,115.8,40.4,8,0,0,1,0
134976,60,0,54,68.4,25.7,8,0,0,1,0
134977,80,0,54,80.4,28.8,8.5,2,0,1,0
134979,46,1,75,79.7,26.7,6,0,0,1,0
134980,65,0,68,129.7,47.1,8,6,1,1,0
134985,68,1,73,67.4,26.6,8,10,0,1,1
134986,49,1,80,109.2,37,4,6,0,1,1
134989,22,1,78,82.8,26.7,8,2,0,1,0
134990,55,0,55,59.2,23.4,6.5,0,0,1,1
134991,34,1,71,76.8,27.5,8,2,1,1,0
134992,63,0,79,102.8,36.7,8,0,1,1,0
134995,73,0,85,54.7,22.5,8,2,1,1,0
134996,35,0,76,67.8,21.4,7.5,1,0,1,0
134998,60,0,71,66.1,26.5,9,2,0,1,0
135000,67,0,77,73.3,30.3,9,0,0,1,0
135001,72,0,87,71.7,25.8,7.5,1,0,1,0
135010,58,0,93,99.8,41.5,10,2,0,1,0
135013,26,1,63,85.5,27.9,7,0,0,1,0
135014,50,1,74,128.1,47.2,7,3,0,1,0
135016,31,0,64,100.4,38.2,8,2,0,1,0
135022,58,1,75,103,34.1,8.5,2,1,1,1
135023,64,0,82,53.3,23.9,7,3,1,1,0
135024,63,0,65,60.1,25.2,7.5,2,0,1,0
135026,72,1,93,124.7,33.9,6,6,0,1,0
135027,78,0,80,57.6,21,8,3,0,1,0
135028,22,1,66,63.2,21.9,9.5,15,0,1,0
135032,72,1,60,76.4,24.8,7.5,0,0,1,0
135033,75,1,67,105,38.4,8,15,0,1,1
135035,54,0,106,98.4,36.8,5.5,0,0,1,1
135036,64,0,93,93,37.5,8,2,0,1,0
135039,48,0,54,74.8,35.1,7,21,0,1,0
135040,75,1,57,66.5,27.8,7,0,0,1,0
135041,57,0,67,55.2,22.5,6.5,3,0,1,0
135043,48,0,50,56.6,22.9,5,3,0,1,0
135048,22,1,49,56.6,19.5,8,5,1,1,0
135051,75,1,63,83.8,33.6,6.5,1,0,1,0
135052,70,1,75,104.4,35.3,9,0,0,1,0
135057,70,0,59,64.2,26.7,7,0,0,1,0
135064,63,0,85,63.5,22.4,8.5,1,0,1,0
135065,63,0,86,82.7,31.9,7,11,1,1,0
135066,80,0,81,77.1,32.1,4,2,0,1,0
135067,70,0,79,66.2,27.9,9.5,19,0,1,0
135070,78,1,86,56.2,21.3,7,10,0,1,1
135071,32,1,70,70.6,21.8,8.5,3,0,1,0
135074,67,1,79,93.7,27.5,5,2,1,1,0
135077,80,0,69,66.8,25.5,8.5,0,0,1,0
135086,69,0,91,143.7,50.8,6,7,0,1,0
135087,73,1,56,75.5,23.7,7.5,2,1,1,0
135090,70,0,73,63.2,25.5,7,0,0,1,0
135093,62,0,87,56.1,20.2,8,1,0,1,0
135094,34,1,74,96.2,31.2,7.5,4,1,1,0
135095,35,0,81,88.3,30.7,8,2,0,1,0
135100,32,1,64,138.1,42.8,10.5,2,0,1,0
135101,35,0,51,51.6,19.8,7.5,1,0,1,0
135102,53,0,67,78.9,28.3,8,3,1,1,0
135103,47,0,58,99.5,40.8,8,3,0,1,0
135108,23,0,68,59.9,22.7,7.5,4,0,1,0
135110,73,1,48,68.1,27.3,6,0,0,1,0
135112,77,1,94,78.7,27.2,11,1,0,1,1
135116,72,1,57,86.5,31.2,7.5,0,0,1,0
135117,38,1,78,117.4,39.7,8,0,0,1,0
135119,37,1,73,70.9,21.8,6,0,0,1,0
135121,62,1,64,54.2,20.4,8.5,4,0,1,0
135126,64,0,81,81.4,24.5,10,0,1,1,0
135129,65,0,54,66.8,27.4,7.5,0,0,1,0
135130,57,1,73,117.2,37.6,5,0,0,1,1
135131,71,0,97,75,31,8.5,4,0,1,0
135134,66,0,64,66.8,30,7,4,0,1,0
135137,32,1,62,88.6,27,9,3,0,1,0
135142,76,0,56,65,29.9,8,5,0,1,0
135143,67,0,59,77.8,27.4,3,0,1,1,0
135144,66,1,50,77.2,28.9,5.5,0,0,1,0
135146,35,0,74,74.1,26.6,8.5,15,1,1,0
135147,63,0,89,145.2,53.7,3.5,5,1,1,0
135148,49,1,65,81.4,27,7.5,0,0,1,0
135149,38,1,71,68.1,23.9,11,0,0,1,0
135150,31,0,65,79,32.3,7,3,0,1,0
135152,21,1,89,109.5,36.4,10,23,1,1,0
135153,53,0,62,64.1,21.7,8,1,0,1,0
135157,72,1,89,57.2,19.3,6,6,0,1,0
135158,68,1,68,124.9,39.3,6,14,0,1,1
135159,63,1,73,89.4,27.6,7,0,0,1,0
135170,25,1,66,90.3,25.5,8.5,9,0,1,0
135172,62,1,77,103.2,28.1,7,2,0,1,0
135173,58,1,57,61.1,20.5,8,24,1,1,0
135176,34,0,105,79.1,28.9,10,6,0,1,0
135177,39,1,104,105.7,35,6,0,0,1,0
135181,69,0,88,100.3,43.7,6,4,1,1,0
135183,68,0,53,58.3,24.7,9,10,0,1,0
135185,30,1,109,98.8,31.6,9,15,1,1,0
135188,77,1,64,67.3,24.2,9,6,1,1,0
135189,67,0,63,67.9,28.9,8,1,0,1,0
135191,49,1,74,150.5,43.4,6,0,0,1,0
135194,28,0,89,55.6,20,8,2,0,1,0
135195,57,1,63,73.1,28.7,6,3,0,1,0
135196,25,1,85,113.6,32.4,6.5,6,1,1,0
135197,75,0,71,68.3,28.7,8.5,4,0,1,0
135199,59,0,76,94.5,38.1,7.5,1,0,1,0
135200,62,1,99,70.8,21.9,7,0,0,1,0
135201,40,1,58,84.6,27.4,8,3,0,1,0
135203,48,0,73,88,31.8,8.5,5,0,1,0
135204,60,1,75,136.1,44,9,11,0,1,0
135207,42,1,73,90.4,25.2,7.5,1,0,1,0
135210,44,0,47,60.2,21,9,5,0,1,0
135213,67,1,90,82,29.9,9.5,0,0,1,0
135216,47,0,62,96.9,37.9,7.5,6,1,1,0
135217,49,1,96,68,24,5,3,0,1,0
135219,49,0,64,68.6,26.6,6.5,1,0,1,0
135220,66,1,73,119.6,40.5,9,1,1,1,0
135222,25,1,81,71.3,24,9,6,0,1,0
135223,58,0,71,111.9,37.9,11,2,0,1,1
135227,79,0,74,50.5,22,6,0,0,1,0
135232,53,1,67,95.7,33.2,9,9,0,1,1
135236,57,0,56,81.7,28.7,7.5,3,0,1,0
135238,55,0,96,116.6,48.3,10,4,0,1,0
135239,54,1,52,61.4,23.5,5,8,1,1,0
135241,51,0,79,67.3,24.8,9,2,0,1,0
135243,64,0,75,61.5,22.1,9,5,0,1,0
135245,34,1,64,72.7,27.9,3.5,16,1,1,0
135248,45,0,80,95.8,37.4,7,3,0,1,0
135250,60,0,69,73.5,29.2,8,1,0,1,0
135251,53,1,56,78.6,25.2,5,0,0,1,0
135255,61,1,69,116.7,38,5.5,0,1,1,0
135262,34,1,62,93.4,32.5,8,0,1,1,0
135265,29,0,62,83,30,7,13,1,1,0
135266,68,1,63,89.2,29.3,7.5,0,0,1,0
135270,34,0,91,106.1,35.8,2,12,1,1,0
135275,40,1,64,136.9,46.2,5.5,0,0,1,1
135281,51,1,72,103.1,32.9,7.5,1,0,1,0
135284,67,0,45,117.8,49.4,9.5,11,0,1,1
135287,53,0,84,110.3,40.2,9,0,0,1,0
135288,64,0,92,76.5,30.1,10,0,0,1,1
135291,80,0,49,65.7,24,8.5,1,0,1,0
135295,48,0,61,81.6,33.4,8,0,0,1,0
135298,70,0,68,100.1,40.3,8,10,0,1,1
135300,74,0,60,64.3,23.4,6.5,1,0,1,0
135301,33,0,97,69,25.7,8.5,0,0,1,0
135302,63,0,66,75.1,29.2,5.5,4,1,1,0
135305,38,0,65,56.5,24.1,10,0,0,1,0
135306,53,1,72,156.9,48,7.5,5,0,1,0
135308,47,0,73,62.2,23.4,7,1,0,1,0
135310,35,0,79,62,29.6,9.5,0,0,1,0
135312,72,0,54,54.5,21.4,7,1,0,1,0
135314,62,0,60,55,21.4,7,0,0,1,0
135316,33,0,61,52.2,18.7,8,2,0,1,0
135317,48,1,66,70,24.1,7.5,0,1,1,0
135318,28,0,75,71.5,26.9,8,10,1,1,0
135321,59,1,57,72.3,26.2,7,9,0,1,1
135324,52,1,54,78.2,24.9,6,0,0,1,0
135325,49,1,53,101.2,33.7,9,2,0,1,0
135332,31,1,84,87.9,26.9,8.5,4,1,1,0
135336,34,1,64,104.1,30.9,7.5,5,0,1,0
135339,59,0,71,87.5,33.8,8,3,0,1,0
135344,43,0,73,69.1,22.6,8.5,2,0,1,0
135347,61,1,72,113.2,34.7,6,6,0,1,1
135348,63,1,62,80.5,27.1,7.5,3,0,1,0
135350,78,1,53,82,28.4,6,3,0,1,0
135353,61,0,76,70.4,27.4,7,4,0,1,0
135358,66,0,99,69.4,25.7,8,15,1,1,0
135366,77,1,71,78.5,28.5,7,2,0,1,0
135369,22,1,53,76.7,24.7,8,4,0,1,0
135372,65,0,67,93.3,35,6,6,0,1,0
135375,38,0,65,107.9,37.1,8.5,4,0,1,0
135377,73,1,68,80.5,26,10,0,0,1,1
135381,23,1,69,65.5,18.6,9,4,0,1,0
135382,44,0,60,76.1,33.3,6,0,0,1,0
135388,29,0,69,60.5,23.4,7.5,2,0,1,0
135389,27,0,68,50.8,21.6,8,3,0,1,0
135390,66,1,60,120.8,39.6,7,0,0,1,0
135391,65,1,47,79.7,25.5,8,0,0,1,1
135392,31,0,59,80,27.1,7.5,3,0,1,0
135395,42,1,79,109.9,33.5,7.5,0,0,1,0
135396,65,1,69,85.4,26.7,8,3,1,1,1
135401,39,1,64,95.4,34.7,7,0,0,1,0
135404,56,0,81,124.8,46.4,8,2,1,1,1
135405,50,0,77,95.7,39.7,7.5,4,0,1,0
135406,38,1,63,70.8,24.5,7,1,1,1,0
135407,60,0,69,91.2,34.2,10.5,1,0,1,0
135409,33,1,106,68.1,23,10,10,1,1,1
135414,29,1,83,72.4,26.3,7.5,5,0,1,0
135416,50,0,91,66.7,25.2,6,2,0,1,0
135419,25,1,84,144.9,39.5,7,1,0,1,0
135422,26,1,71,52.8,18.8,8,8,0,1,0
135423,33,0,81,46.7,19.7,9,0,0,1,0
135425,44,1,62,94.2,33.8,8,4,1,1,0
135427,39,0,74,93.4,33.5,8,2,1,1,0
135428,46,0,78,104.9,40.6,6,3,0,1,0
135432,70,0,69,63.5,24.1,7.5,1,0,1,0
135439,23,1,55,82.1,26.2,6,11,0,1,0
135441,69,0,67,58.3,20.5,7.5,3,0,1,0
135442,67,0,82,87.9,35.9,8.5,3,0,1,0
135443,58,1,58,118.4,42.3,8,0,0,1,0
135445,37,0,63,76.3,32.4,7.5,2,0,1,0
135446,55,1,61,92,26.6,8.5,0,1,1,0
135447,64,0,62,59.7,27.6,3,9,1,1,0
135450,63,0,89,93,31.6,8,1,0,1,0
135452,80,1,79,90.4,28.3,9,1,0,1,1
135453,60,1,71,74.8,22,8.5,0,0,1,0
135456,70,0,60,68.8,25.7,9,1,0,1,0
135458,30,1,73,60,18.5,6,0,0,1,0
135459,41,0,68,64.4,26.3,4.5,5,0,1,0
135460,79,1,58,71.8,25.3,8.5,0,0,1,0
135463,70,0,62,72.2,27.6,8,2,0,1,0
135466,40,0,87,101,40.1,7.5,2,0,1,0
135467,62,1,64,72.9,26.5,9,0,0,1,0
135470,46,0,66,76.1,32.2,7,0,0,1,0
135473,35,1,65,109.5,32.2,7,1,0,1,0
135475,55,1,87,118.2,34.4,9,0,1,1,0
135476,77,1,79,87.2,35,8,0,0,1,0
135477,80,1,55,73.6,25.7,8.5,0,0,1,0
135480,64,0,69,58.6,21.4,10,18,0,1,1
135483,31,0,86,51.7,21.8,7,17,0,1,0
135484,37,0,82,90.6,33.3,8,5,0,1,0
135485,21,0,77,78.6,25.4,6,16,0,1,0
135494,77,1,55,100.2,31.2,10.5,5,0,1,1
135496,32,1,53,76.4,27.4,8,0,0,1,0
135498,44,0,64,65.5,24,9,0,0,1,0
135499,70,1,54,95.7,30.9,9.5,0,0,1,0
135500,33,1,57,63.7,24.3,8,1,1,1,0
135502,42,1,65,82,26.5,7,1,0,1,0
135503,58,0,74,56.4,24.3,7.5,0,0,1,0
135504,27,0,68,114.3,41.6,10,6,1,1,0
135505,29,1,84,58.2,20.5,8.5,4,0,1,0
135508,61,1,63,97.6,27.7,7,4,0,1,0
135511,69,0,69,81,32,7,3,0,1,1
135512,52,1,60,93.1,32.4,8,4,0,1,0
135516,72,1,66,78.9,27.6,8.5,0,0,1,0
135517,59,0,94,65.7,26.1,12,3,0,1,0
135519,44,0,76,71.6,27.3,8,0,0,1,0
135521,64,0,57,85.9,28.7,7.5,0,0,1,0
135522,28,1,70,106.6,34.4,9,14,1,1,0
135528,30,1,67,89.1,33.1,7,4,1,1,0
135530,23,1,57,73.5,21.9,9,11,0,1,0
135535,40,0,82,71.5,24.7,6.5,9,1,1,0
135536,63,0,82,59,20.7,8,0,1,1,1
135537,41,1,83,115.9,31.9,7,0,0,1,0
135539,73,0,83,69.7,29,9,3,0,1,0
135540,29,1,53,85.4,22.9,4,3,0,1,0
135542,55,1,75,80.7,30.3,7.5,0,0,1,0
135544,67,0,88,86.5,31.2,12,6,0,1,0
135545,78,1,76,96.6,28.8,8,2,0,1,0
135546,58,0,82,79.9,30.9,6,0,1,1,0
135550,39,1,75,64,24.3,8,0,0,1,0
135551,64,0,80,94.9,35.8,5.5,3,0,1,0
135552,61,0,59,62.6,25.9,7.5,9,0,1,0
135553,37,0,66,74.9,30,8,0,0,1,0
135555,32,0,84,84,36.8,6.5,8,0,1,0
135560,29,1,73,103.9,33.7,6.5,2,0,1,0
135561,59,1,83,138.7,46.2,6.5,1,1,1,0
135564,80,0,60,53.1,19.4,9,3,0,1,0
135565,37,1,66,97.3,34.9,8.5,11,0,1,0
135566,45,0,94,93.2,40.7,14,5,1,1,1
135567,80,0,64,81,28.3,8,0,0,1,0
135569,80,0,67,63.2,23.2,8,1,0,1,0
135570,47,1,79,146.5,47.9,7,0,0,1,0
135571,65,1,67,90.3,29.5,7,0,0,1,0
135573,70,0,68,73.9,29,7,0,0,1,0
135581,41,1,65,85.7,25.7,8,0,0,1,0
135583,46,1,67,92.4,25.9,7,4,0,1,0
135586,45,1,72,91.5,28.1,8.5,1,0,1,0
135587,69,0,87,61.1,25.2,7.5,2,0,1,0
135588,73,1,68,81.7,30.1,7,1,0,1,0
135589,43,0,61,70.9,28,7,11,0,1,0
135591,53,1,66,113.6,36.7,7,2,0,1,0
135593,80,1,65,72,25.4,7.5,1,0,1,0
135599,26,0,87,62.4,22.2,8.5,5,0,1,0
135602,36,1,65,109,32.4,7,6,0,1,0
135603,69,1,57,66.2,24.3,6,4,0,1,0
135605,31,1,63,86.6,27.3,8,0,0,1,0
135608,60,0,69,81.3,32,10,2,0,1,0
135609,41,0,71,44.8,18.6,8,5,0,1,0
135610,69,0,57,123.6,33.8,9,13,0,1,0
135616,29,1,98,92.7,31,8,10,0,1,0
135619,43,1,64,87.7,30.4,7.5,0,0,1,0
135621,62,0,95,63.2,27.5,7,4,0,1,1
135623,53,0,95,91.1,36.6,9.5,13,0,1,1
135628,75,0,49,58.6,23.4,3,3,0,1,1
135631,57,1,72,82,27.6,7,1,0,1,0
135633,80,0,87,42.9,16.9,6.5,0,0,1,1
135634,21,1,73,73.8,26,9,0,0,1,0
135638,30,0,84,81.4,27,7,15,0,1,0
135640,58,0,81,60.5,21.9,10.5,2,0,1,0
135641,70,0,62,82.4,29.6,9,0,0,1,0
135643,56,0,62,58.2,27.3,9.5,7,0,1,0
135644,67,1,48,114,31.3,8.5,0,0,1,0
135646,39,1,98,117.4,36.2,10,2,0,1,0
135650,57,0,70,116.6,51.7,6,3,1,1,1
135653,27,0,65,79.4,29.2,7,5,0,1,0
135654,42,0,71,59.3,25.1,7,2,0,1,0
135661,59,1,62,85.1,27.5,7,1,1,1,1
135663,62,0,62,66.2,27.9,5.5,0,0,1,0
135669,37,1,54,102.7,34.2,8,5,0,1,0
135672,33,0,91,161.6,55.9,9,9,0,1,0
135674,25,0,66,70.1,26.2,7,12,0,1,0
135678,42,1,73,69,24.1,8,1,0,1,0
135680,52,0,76,113.3,44.1,9.5,1,0,1,0
135682,64,0,93,67.1,25.8,7.5,0,0,1,0
135687,60,1,63,63.7,22.6,8,0,0,1,0
135691,66,1,101,77.4,26.3,10,2,0,1,0
135692,63,1,72,71.4,27.5,11,0,1,1,0
135693,30,1,66,74.3,22.5,8,10,0,1,0
135694,78,1,81,69.4,25.1,8.5,1,0,1,0
135695,51,0,83,67.5,23.6,8,3,0,1,0
135697,75,1,86,103.6,31.6,7.5,0,0,1,0
135699,38,1,91,69,22.6,8,3,0,1,0
135700,57,1,83,99.4,33.3,7.5,0,0,1,0
135701,51,1,81,85.3,28.8,7,2,0,1,0
135704,73,0,61,61,23.4,7.5,4,0,1,0
135706,50,0,59,124.8,42.6,8.5,0,0,1,0
135709,76,1,94,93.8,32.8,5,0,0,1,0
135711,75,1,42,90.8,27.1,8.5,0,0,1,0
135712,80,0,73,89.4,34.6,8,3,0,1,0
135713,68,1,62,114.1,32.7,4,18,0,1,0
135715,68,1,62,104.3,38.3,7.5,8,0,1,0
135719,68,0,65,66.5,27,9.5,3,0,1,0
135722,44,1,66,80.7,27.8,6,9,0,1,0
135724,26,1,56,74.1,22.6,8.5,1,0,1,0
135726,60,1,57,84.7,23.5,6.5,2,0,1,0
135728,20,1,53,151.1,47.9,3,6,0,1,0
135730,66,0,60,75.5,37.8,9,0,0,1,0
135731,32,1,59,143.6,44.5,4,4,0,1,0
135734,59,0,100,104.4,37.4,9,0,0,1,0
135738,48,1,66,84.3,26.8,8,2,0,1,0
135740,76,0,72,92,36.6,8.5,1,0,1,0
135741,60,1,65,114.8,37.4,8,0,0,1,0
135742,66,1,75,87.1,25.4,8,10,0,1,1
135745,51,0,70,126.3,50,10,9,0,1,0
135747,40,0,88,68.7,25.8,8,0,0,1,0
135749,72,0,95,71.4,30.8,5,26,0,1,0
135754,66,0,44,80.6,34.4,10,3,0,1,0
135768,62,0,83,68.4,25.7,8,0,0,1,0
135770,60,1,58,63.7,21.2,9,11,0,1,0
135772,46,1,53,114.4,36.4,6.5,1,0,1,0
135775,33,1,73,82.9,31.2,7,0,0,1,0
135776,71,1,65,61.1,20.4,6,0,1,1,1
135777,61,0,78,65.3,23.4,7.5,3,0,1,0
135782,31,1,64,129.3,39.4,8,17,0,1,0
135783,59,1,63,115.5,30,6,8,1,1,0
135790,64,0,90,120.3,48.1,7,7,0,1,0
135792,37,0,78,105.8,41.3,6.5,2,0,1,0
135797,65,0,73,73.8,26.6,7,2,0,1,0
135798,56,1,78,70.8,23.3,8.5,11,0,1,0
135801,71,1,61,82,27.9,7,2,0,1,0
135804,78,1,61,90.9,31.2,11,2,0,1,1
135808,41,1,76,98.2,30.9,8,1,0,1,0
135809,45,1,71,86.9,31.4,6.5,0,0,1,0
135811,67,0,66,60.1,22.5,7,1,0,1,0
135821,42,1,68,125.4,37.9,6.5,2,0,1,0
135822,46,1,92,131.1,41,8,3,0,1,0
135823,77,0,75,55.8,24.9,8.5,5,0,1,0
135826,68,0,72,87.6,34.4,8,4,0,1,0
135827,63,1,60,99.6,29.5,8,4,0,1,0
135830,41,1,88,43,17.6,10,0,0,1,0
135832,50,1,66,75.2,27.4,8,0,0,1,0
135834,34,0,63,88.7,33.8,4,0,0,1,0
135839,62,0,79,91.4,38.1,7,3,0,1,0
135841,37,1,64,65.6,23,7,1,0,1,0
135842,58,0,79,79.9,34.9,8,0,0,1,0
135844,32,0,91,48,18.5,9,5,0,1,0
135845,66,0,96,65.7,23.4,7.5,3,0,1,0
135846,61,1,79,51.7,18.9,8,8,1,1,0
135848,80,0,67,65,24.8,7.5,9,0,1,0
135849,63,0,76,70.5,25.9,8.5,1,0,1,0
135851,60,0,72,45.5,19.5,7.5,2,0,1,0
135853,80,1,67,86.5,26,10,0,0,1,0
135858,70,0,79,60.7,23,8,4,0,1,0
135859,64,1,83,58.2,20,9,0,0,1,0
135865,80,1,47,74,24.7,8,0,0,1,0
135867,74,1,76,59.2,21.6,7,5,0,1,0
135872,57,0,66,69.2,32.6,8,1,0,1,0
135873,56,1,83,161.3,58.4,4,4,0,1,0
135876,61,0,75,64.4,23.3,8.5,5,0,1,0
135877,77,1,67,95.6,34.1,7,0,0,1,0
135881,28,1,68,80,24.6,9,0,0,1,0
135882,46,0,63,94.1,39,6,2,0,1,0
135883,69,0,65,103.1,42.8,7.5,13,1,1,1
135885,20,1,71,72.2,25.6,9,0,0,1,0
135888,42,1,64,88.8,31.1,7,2,0,1,0
135889,61,0,73,68.5,25.6,10,2,0,1,0
135890,58,1,60,76,23.5,6,0,0,1,0
135891,37,1,67,86.6,28.7,6.5,0,0,1,0
135892,20,1,85,63.7,21,6,3,1,1,0
135893,71,0,72,81.6,39.1,10,3,0,1,0
135895,20,1,83,60.5,17.7,10.5,3,0,1,0
135900,61,0,75,118,45.9,3,2,0,1,0
135902,27,1,62,82.1,24.6,10,1,0,1,0
135903,62,1,73,85.6,35.1,7,0,0,1,0
135906,26,0,76,57.5,21.2,7,2,0,1,0
135908,63,0,78,67,24.9,9.5,3,0,1,0
135910,63,0,64,129.8,41.8,9,6,0,1,1
135911,65,1,69,97.2,29.6,7.5,10,0,1,0
135914,63,0,85,96.7,34.4,8.5,3,1,1,0
135920,40,0,53,84.8,31.6,9.5,0,0,1,0
135928,75,0,65,73.2,30.6,4.5,0,0,1,0
135930,59,0,65,59.9,22.2,8,2,0,1,0
135937,26,1,78,81.5,28.3,9,5,0,1,0
135938,28,0,98,48.4,20.5,8.5,1,0,1,0
135940,47,0,63,69.4,24.3,7.5,1,0,1,0
135941,21,0,74,63.7,24.5,8.5,0,0,1,0
135943,69,0,62,81.6,31.8,8,0,0,1,0
135945,48,0,72,72.3,26.1,8,0,0,1,0
135946,72,1,76,108.8,37.6,7,1,0,1,0
135953,60,0,70,66.1,29.7,10,12,0,1,0
135954,29,0,75,73.7,33.4,6,11,0,1,0
135956,30,1,68,134.9,44.3,10,4,0,1,0
135957,53,0,81,88.4,37.2,9.5,6,1,1,0
135959,76,0,77,54.6,21.6,5,12,0,1,0
135960,75,0,47,72.4,29.3,7.5,0,0,1,0
135962,50,0,78,108.8,43.4,9,12,0,1,0
135963,60,1,80,77.3,22.8,3,5,1,1,1
135964,23,0,67,92.9,37.4,8,8,0,1,0
135966,30,0,61,89.8,29.6,4,10,0,1,0
135969,33,1,76,87.5,28.2,8,7,0,1,0
135970,61,0,77,106.1,44.9,9,19,1,1,1
135973,78,0,63,62.5,27.9,9.5,3,0,1,1
135976,76,0,61,76.8,31,9,4,0,1,1
135977,73,0,75,77.7,33.9,8,7,1,1,1
135980,55,0,53,76.9,30.1,8,2,0,1,0
135982,60,0,62,101.8,35.6,7,4,0,1,0
135983,21,0,80,72.8,22,9,7,0,1,0
135987,79,1,66,83.8,28.9,8,3,0,1,0
135988,63,1,59,78.2,27.1,7.5,2,0,1,0
135991,32,0,69,137.6,47.7,4,12,1,1,0
135992,66,1,60,74.9,24.5,8,0,0,1,1
135993,55,1,68,114.7,35.9,5,1,0,1,0
135997,25,0,98,110.7,38.9,8.5,7,0,1,0
135998,23,1,73,84.4,25.5,7,4,0,1,0
135999,66,1,69,71.7,24,7,0,0,1,0
136000,44,0,85,66,23.6,9,0,0,1,0
136002,80,1,56,82.5,29.6,8,1,0,1,0
136004,58,1,94,137,44.6,7,9,0,1,0
136013,59,0,58,70.1,34.6,9,5,0,1,0
136014,20,1,57,89.7,28.6,8,6,0,1,0
136016,41,1,80,105.9,33.5,5,8,0,1,0
136018,30,0,87,152.4,59.7,8,0,0,1,0
136020,40,0,94,159.4,59.1,8,9,1,1,0
136025,42,0,68,64,24,8.5,5,0,1,0
136027,56,0,56,89.4,35,8,4,1,1,0
136031,57,0,83,98.5,32.7,7.5,2,1,1,0
136036,55,0,58,75.2,25.7,7,3,0,1,0
136039,36,0,58,73.8,30.9,9,0,1,1,0
136040,41,0,69,71.9,32.2,8,2,0,1,0
136042,44,1,69,76.2,25.9,4,5,1,1,0
136046,67,0,75,85.4,33.4,7,4,0,1,0
136047,80,1,50,88.6,31.6,7.5,0,0,1,0
136050,25,0,73,62,25.1,8,0,0,1,0
136051,27,1,80,105.2,32.4,6,1,1,1,0
136052,78,1,65,83.4,26,7,0,0,1,0
136053,79,0,72,63.1,26.6,8,1,0,1,0
136054,21,0,66,69.7,28.9,9.5,15,0,1,0
136057,69,0,53,94,40.1,6,1,0,1,0
136058,68,1,100,85.6,28,7,6,0,1,0
136059,62,1,66,120.7,40.4,7.5,7,0,1,0
136060,46,1,67,97.7,29.9,8.5,2,0,1,0
136062,21,0,79,52.2,20.8,12,7,0,1,0
136063,41,1,77,100,29.4,6,0,0,1,0
136070,35,1,74,144,50.4,6,0,0,1,0
136072,63,1,84,78.1,27.6,6.5,0,1,1,1
136073,70,0,69,76.8,34,7,2,0,1,0
136074,64,0,76,103,34.6,8.5,3,0,1,0
136079,25,0,85,64.1,22.7,8.5,8,0,1,0
136089,60,1,52,75.2,23.5,7,0,1,1,0
136091,80,1,80,99.6,29.6,7,0,0,1,1
136092,27,0,85,69.7,27,9,0,0,1,0
136093,80,0,78,64.6,24.2,7,0,0,1,0
136094,72,0,68,84.2,32.9,6,0,0,1,0
136095,37,0,79,47.5,18.7,8.5,6,0,1,0
136097,48,0,62,88,31.9,7,2,0,1,0
136101,67,0,78,44.5,21.7,8,0,0,1,0
136106,44,0,85,46.6,19.7,6,3,0,1,0
136111,71,0,75,90.9,36.4,9,6,0,1,1
136113,80,0,51,57.7,28.5,8,6,0,1,1
136114,61,0,72,69.4,27.8,7,0,0,1,0
136115,20,0,73,68.3,29.9,9,6,0,1,0
136116,23,0,79,89.7,37.3,7.5,17,0,1,0
136118,39,0,64,93.9,37,6,13,0,1,0
136119,64,1,59,91,31.3,8,0,0,1,1
136120,54,1,62,76,25.3,8,6,0,1,0
136123,62,0,63,67,23.8,8,4,0,1,0
136124,30,1,65,60,18.7,7.5,2,0,1,0
136125,42,1,72,95.6,32.7,6.5,0,1,1,0
136127,63,0,74,62.7,21.2,9,1,1,1,0
136128,60,0,76,85.1,35.8,6.5,2,0,1,0
136129,73,1,88,81.3,26.5,13,4,0,1,1
136132,59,0,68,106.5,38.7,6.5,1,0,1,0
136133,42,0,69,64,24.2,8,3,0,1,0
136136,75,1,76,78.7,28,7.5,1,0,1,0
136141,80,0,71,68.1,23,6,2,0,1,1
136142,34,1,72,65.5,22.1,7,2,0,1,0
136144,43,0,72,92.5,34.5,7,2,0,1,0
136152,65,0,76,78,27.2,7.5,6,0,1,0
136161,37,0,72,106.7,35.1,9,5,0,1,0
136162,75,0,70,66.1,27.4,7,5,0,1,0
136165,62,1,85,93.7,30,7,6,0,1,0
136168,61,0,94,90.9,35.6,10,12,0,1,0
136169,56,1,79,96,33.7,7,7,1,1,0
136172,76,0,81,102.1,38,3.5,2,0,1,0
136173,73,0,72,99.5,41.8,10,0,0,1,1
136176,40,1,70,97.6,30.4,9,1,0,1,0
136180,22,0,70,53.6,22.2,10,6,0,1,0
136182,80,1,82,97.6,31.9,7.5,4,0,1,1
136185,21,0,74,74.3,27.1,8.5,16,0,1,0
136186,60,0,68,76,26.9,8,4,0,1,0
136187,31,1,92,114.7,40.6,11,9,0,1,1
136188,49,1,54,52.7,18.2,6,12,1,1,1
136189,59,0,57,63.8,26.9,7,0,0,1,0
136190,68,0,75,53.2,20.4,7.5,1,0,1,0
136191,69,0,71,79,27.1,10,0,0,1,0
136192,66,1,43,64.6,20.3,8.5,1,0,1,0
136193,72,0,93,75.1,29.4,6.5,0,0,1,0
136194,52,1,76,71.1,26,5.5,2,1,1,0
136200,76,0,52,65.4,26.6,9,1,0,1,1
136201,31,1,53,58.7,25.2,5,0,0,1,0
136204,51,1,86,173.1,57,7.5,2,1,1,0
136205,25,1,44,93.2,27.4,8,13,0,1,0
136206,80,0,56,66,26.2,8,0,0,1,0
136210,58,0,77,101.8,38.9,4.5,23,1,1,0
136211,38,0,87,72.8,28.4,5,3,1,1,0
136216,80,1,72,80.9,24.5,8,0,0,1,0
136218,57,0,57,44.6,18.5,7.5,5,0,1,0
136220,75,1,73,89.2,29.9,7,0,0,1,0
136222,31,0,50,56.6,22.7,9,7,0,1,0
136223,40,1,60,120.4,35.6,8,0,1,1,0
136225,33,0,71,60.7,22.4,8.5,6,0,1,0
136229,63,1,75,144.2,44.9,6.5,8,0,1,1
136230,45,0,67,76.5,27.7,9,3,1,1,0
136231,39,0,74,86.4,34.3,8,4,0,1,0
136232,62,1,49,91.3,26.8,8.5,4,0,1,1
136233,68,1,66,98.1,34.4,9.5,0,0,1,1
136241,61,0,93,82,34,5,4,0,1,0
136243,32,0,67,104.2,36.6,8,9,1,1,0
136244,62,1,39,76,27.7,8,0,0,1,0
136249,37,0,59,120.5,44.1,7,2,0,1,0
136250,71,1,71,95,30.1,6.5,10,0,1,0
136252,58,1,68,102.7,31.2,7.5,0,1,1,0
136254,20,0,72,48.9,17.3,7.5,9,0,1,0
136255,66,0,68,68,29.3,6.5,3,1,1,0
136256,57,0,75,60.8,24.9,10,8,1,1,0
136260,44,1,53,83,25.5,7,5,0,1,0
136261,68,0,79,60.5,24,7,5,0,1,0
136265,76,0,63,68.5,25,8,9,0,1,1
136266,42,0,95,76.1,33.1,8,0,0,1,0
136267,40,0,63,49,17.9,6,3,0,1,0
136268,48,1,65,81.9,28.4,6.5,0,0,1,0
136271,41,0,61,64.9,24.4,9,9,0,1,0
136272,50,1,67,83.8,25.1,6.5,0,1,1,0
136274,52,0,69,61.8,23.6,8,6,0,1,0
136276,73,1,80,77.4,27.6,8,2,0,1,0
136278,38,0,99,111.1,37.9,7,14,0,1,0
136281,66,1,67,70.7,24.2,8.5,0,0,1,0
136283,75,1,40,58.2,21.6,8.5,1,0,1,1
136285,72,1,79,91.2,34.6,7,2,0,1,1
136287,29,1,68,66.9,20.4,7,0,1,1,0
136289,74,1,50,85.5,27.6,7,1,0,1,0
136291,38,0,73,66.6,25.8,7.5,1,0,1,0
136293,51,0,77,48.4,18.2,7,5,1,1,0
136294,52,0,58,99.3,37.6,8,3,0,1,0
136298,80,0,83,41.6,16.8,10,18,0,1,1
136299,80,1,89,87.6,28.8,10,1,1,1,0
136301,54,1,62,81.7,28,7,1,0,1,0
136306,63,1,49,74.8,22.6,7,0,0,1,0
136307,55,0,74,67.5,27.4,6,7,0,1,0
136308,72,1,50,85.9,26.8,7,0,0,1,0
136309,70,0,76,70.5,27.9,8.5,2,0,1,0
136310,70,0,55,70.8,23.8,8,1,0,1,0
136312,38,0,62,61.9,22.7,9.5,1,0,1,0
136318,58,0,62,74.8,28.2,11.5,2,0,1,0
136320,47,0,75,61.6,23,8,0,1,1,0
136321,74,1,44,108.8,36.9,7.5,4,0,1,1
136322,80,0,51,69.3,31.3,8,2,0,1,1
136323,43,1,60,63.8,22,8.5,1,0,1,1
136326,59,1,63,105.2,32.8,6.5,3,0,1,0
136332,39,0,79,75,25.7,7,10,0,1,0
136333,32,0,98,69,24.6,4,23,0,1,0
136336,68,0,70,64.6,23.8,8,0,0,1,0
136339,52,1,80,88.6,27.5,8,11,0,1,0
136341,38,1,67,85.1,26.5,6.5,2,0,1,0
136352,72,0,68,93.1,34.2,7.5,0,0,1,0
136353,70,0,76,64.6,24.6,8,0,0,1,0
136354,34,0,60,70.7,26.1,7.5,6,0,1,0
136355,60,1,71,106.2,31.5,8.5,4,0,1,0
136360,31,1,54,75.8,22.7,8,0,0,1,0
136361,67,1,54,99.9,30.4,7,3,0,1,0
136364,67,0,71,68.8,23.5,7.5,0,0,1,0
136365,62,1,61,93.8,30.1,7,5,0,1,0
136366,32,0,73,53.1,21.3,7.5,3,0,1,0
136370,46,1,59,88.5,28.5,8,10,1,1,0
136373,36,1,69,104,35,12,0,0,1,0
136376,63,0,90,88.1,31,10,3,0,1,1
136378,33,1,71,71.5,25.8,8.5,0,0,1,0
136383,79,1,65,71.5,27.4,11,7,0,1,1
136384,33,0,67,118.2,37.5,6.5,10,0,1,0
136385,63,1,49,92.9,28.1,11,2,0,1,0
136389,73,0,66,118.7,46.2,9,0,0,1,0
136390,80,0,77,69.5,31.3,7.5,2,0,1,1
136392,59,0,82,54.7,21.4,8.5,0,0,1,0
136398,58,0,64,76.1,35.6,3,14,0,1,1
136399,52,0,64,76.2,35.1,6.5,1,0,1,1
136400,55,0,71,83.2,34.2,8,2,0,1,1
136401,34,0,60,56.6,24.9,7,1,0,1,0
136402,65,0,45,76.3,29.6,8.5,0,0,1,1
136405,61,0,66,108.3,42,8.5,3,0,1,0
136407,58,1,60,75.7,26,11,0,1,1,0
136408,63,1,114,89.8,30.2,8.5,1,1,1,1
136410,20,0,73,59.2,21.4,8,1,0,1,0
136412,65,0,74,89.7,34.3,7.5,3,0,1,1
136415,52,1,78,75.5,27.8,5.5,0,0,1,0
136421,25,1,75,94.8,33.1,7.5,3,0,1,0
136424,42,0,90,105.7,37.7,10,1,0,1,0
136425,46,1,65,115.9,38.1,7,3,0,1,0
136426,20,0,73,109.6,38,9,6,0,1,0
136431,54,1,75,76.6,26.7,7.5,9,1,1,0
136434,61,0,80,73.3,28.6,7.5,6,0,1,0
136439,20,0,60,58.6,19.3,8.5,4,0,1,0
136440,80,0,72,56.5,22,5.5,7,0,1,0
136442,37,1,63,95.9,25.3,7,1,0,1,0
136443,67,1,69,61.9,21.8,12.5,0,0,1,1
136444,61,1,61,84.4,29.1,7,0,0,1,0
136449,21,0,89,50.7,21.3,10,9,0,1,0
136451,80,1,61,92.4,29.2,7.5,1,0,1,0
136452,36,0,76,63.1,26.6,8,2,0,1,0
136455,58,1,71,76.9,26.1,9.5,0,1,1,1
136457,68,0,60,64,24.4,7.5,0,0,1,0
136458,73,1,82,106.7,35.2,10,0,0,1,0
136460,29,0,75,95.3,37,6,12,1,1,0
136461,25,0,83,65.1,24.8,9,17,0,1,0
136462,21,0,90,60.8,22.5,8.5,1,0,1,0
136465,34,0,55,48,17.8,8,7,0,1,0
136467,57,0,79,63.5,23.2,5.5,4,1,1,0
136468,21,1,74,54.3,18.2,9,4,0,1,0
136473,60,1,73,69.8,24.8,9,2,1,1,0
136475,80,0,74,58.4,26.8,11,7,0,1,0
136476,60,0,68,49.4,23.3,9,18,0,1,0
136477,52,1,77,84.4,27.6,9,3,0,1,0
136487,48,0,52,94.2,39.7,6,17,0,1,0
136489,41,1,80,88,24.2,6.5,4,0,1,0
136490,61,1,71,102.3,29.7,8.5,1,0,1,0
136494,20,1,58,81.5,28.1,8,1,0,1,0
136496,57,0,68,64.1,24,7,9,0,1,1
136502,23,1,53,94.7,28.2,10,12,1,1,0
136508,62,0,70,54.6,25.5,7.5,0,0,1,0
136509,28,0,81,173.9,58.6,7.5,4,0,1,0
136510,36,0,73,137.6,48.5,6,2,0,1,0
136512,71,0,68,59,24.5,8.5,2,0,1,0
136516,71,0,60,66,27.1,7.5,1,0,1,0
136521,41,1,66,75.5,24.2,10,9,1,1,0
136522,20,0,73,54.5,20.2,5.5,2,0,1,0
136523,63,0,68,86.7,35.8,7.5,2,0,1,0
136525,63,1,91,118.9,39.8,3.5,0,0,1,1
136527,71,0,59,79.3,35.9,9,2,0,1,0
136528,23,1,83,70.7,21.8,9,5,0,1,0
136530,40,1,75,90.6,25.6,7.5,0,0,1,0
136535,63,1,56,77.8,26.3,8.5,1,0,1,0
136536,55,0,90,69,25.4,5,0,0,1,0
136537,27,1,74,98.9,37,7.5,1,0,1,0
136540,21,0,67,63.5,23.4,8,5,0,1,0
136541,50,0,66,61.3,21.4,8,3,0,1,0
136542,60,1,92,111.8,38.1,5,0,0,1,1
136549,44,0,114,70.2,25.2,8,0,0,1,0
136553,38,1,66,70.8,26,6.5,0,0,1,0
136556,56,1,53,64.9,24.2,6,6,1,1,0
136560,80,0,108,47.6,19,7.5,5,0,1,0
136561,31,1,62,80.6,26.2,7.5,5,0,1,0
136562,71,0,70,80.7,32,5.5,0,0,1,0
136564,58,0,76,86.8,30,7,3,0,1,0
136566,63,1,56,108.3,29.7,7,0,0,1,0
136568,68,1,69,92.6,29,8.5,6,0,1,0
136571,63,1,60,88,25.7,8,1,0,1,0
136572,77,0,53,75,28.9,7,3,0,1,0
136573,57,0,73,74.2,23,8,5,0,1,0
136576,61,0,68,113,41.2,8,4,0,1,0
136577,53,0,75,109.3,42.9,8,0,0,1,0
136579,52,0,78,66.9,27.8,5.5,0,0,1,0
136582,66,1,61,77.5,25,9,0,0,1,1
136584,33,0,79,53,21,8,2,1,1,0
136585,60,1,64,72.6,31.3,6.5,6,0,1,0
136586,66,0,76,62.7,23.9,7.5,6,0,1,1
136588,69,0,72,74.6,26.7,8,9,0,1,0
136592,71,1,55,91.1,32.2,8,0,0,1,0
136593,29,0,68,64.2,26.4,7,10,0,1,0
136599,64,0,76,118.2,44.1,14,24,0,1,0
136601,44,0,67,60,25.4,8.5,1,0,1,0
136603,59,0,58,74.6,30.9,6.5,5,0,1,0
136604,60,0,56,62.3,25.1,7,0,0,1,0
136605,60,0,61,81.7,29.4,7,4,0,1,0
136607,59,1,91,79.5,27.6,2,2,1,1,1
136608,39,1,90,137,39.3,8,9,0,1,0
136616,58,1,65,75.5,24.1,8,2,0,1,0
136618,70,1,61,116.4,37.7,9,0,0,1,0
136623,54,1,52,83.1,26.5,8,6,0,1,0
136624,58,1,73,110,35.4,8.5,5,0,1,0
136626,64,0,77,86.4,31.9,8.5,2,0,1,0
136628,71,0,76,47.5,19.2,9,11,0,1,0
136631,80,0,54,47.2,22.1,10,6,0,1,0
136634,69,1,64,52.9,18.6,8.5,5,1,1,1
136636,54,0,75,64.2,23,7.5,0,0,1,0
136637,52,0,68,76.6,30.7,8.5,1,0,1,0
136638,60,0,62,61.7,21.6,8,3,0,1,0
136642,33,0,81,62.9,26.2,8,1,0,1,0
136643,45,0,66,74.8,30.3,7,0,0,1,0
136644,51,0,68,70.1,31.6,6.5,6,0,1,0
136645,65,1,80,92,30.4,7.5,5,0,1,0
136647,60,0,75,104.9,43.1,8.5,1,1,1,1
136649,43,1,70,63.9,23.5,8,0,1,1,0
136650,68,1,50,70.1,23.2,10,0,0,1,0
136652,65,0,67,71.8,28.4,11,0,0,1,0
136655,72,1,44,68.5,24.5,6,0,0,1,0
136657,44,0,87,88.4,32.2,8.5,0,0,1,0
136660,77,0,61,72.5,28,8.5,2,0,1,0
136663,64,0,50,55.2,22.4,8.5,1,0,1,0
136664,61,1,69,137.4,44.1,8.5,5,1,1,1
136667,36,0,88,71.7,25.8,7.5,7,0,1,0
136668,70,1,86,95,34.1,6,0,0,1,0
136675,65,0,68,55.1,18.7,10.5,0,0,1,0
136679,73,1,51,76.3,28.2,8.5,5,0,1,0
136682,80,1,62,85.5,29,8,0,0,1,0
136683,64,1,60,80.4,26.4,6,4,1,1,1
136685,43,0,63,98.4,36.5,6.5,0,0,1,0
136688,27,0,57,62.1,20.8,8.5,2,0,1,0
136691,67,1,66,104.5,34,6.5,0,0,1,0
136692,67,1,48,60.3,22,7,0,0,1,0
136693,45,0,69,88.4,35,6.5,7,1,1,0
136694,35,0,66,76.2,28.8,6,0,0,1,0
136696,57,0,64,65.5,28.1,8,0,0,1,0
136697,34,0,80,82.1,32,8,0,0,1,0
136698,32,0,82,68.2,27.2,8,0,0,1,0
136699,49,0,72,100.1,38.7,2,13,0,1,0
136702,68,1,60,64.9,26.6,9.5,0,0,1,1
136703,44,0,76,54.5,23.2,10,20,1,1,0
136705,23,0,80,79.4,32.5,9,2,0,1,0
136707,43,0,86,72.1,29.3,7.5,2,0,1,0
136713,73,0,68,54.6,20.9,8,0,0,1,0
136714,20,0,77,108.6,37.1,6,13,0,1,0
136718,60,1,62,90.9,32,7,0,0,1,0
136720,70,0,71,73.7,31.6,5.5,2,0,1,0
136723,62,1,68,121.8,37.8,8,0,0,1,0
136724,75,0,73,58.1,22,9,0,0,1,0
136728,55,0,63,55.5,24.3,7,4,0,1,0
136730,62,1,70,83.5,27.5,7.5,0,0,1,0
136731,31,0,75,55.5,24.3,9,8,0,1,0
136733,33,0,86,61.8,21.6,10,21,0,1,0
136734,35,1,71,71.9,25.7,8,2,0,1,0
136735,80,0,61,69.4,26.9,7.5,2,0,1,1
136736,64,0,69,65.8,28.3,10,0,0,1,0
136739,67,0,72,57.9,24.5,8,0,0,1,0
136740,69,0,73,63.5,28.3,7,4,1,1,0
136744,36,1,61,78,24.7,7.5,0,0,1,0
136745,38,1,55,77.5,25.4,8.5,4,0,1,0
136747,37,0,68,87.3,31.8,8.5,0,0,1,0
136748,69,1,103,93.9,31.3,9,7,1,1,0
136750,62,1,86,112.6,33.4,5,4,1,1,0
136752,73,1,75,96.9,30.8,5,0,0,1,0
136757,80,0,72,71.5,26.1,8,1,0,1,0
136758,29,0,57,97.8,31.5,8,0,0,1,0
136760,73,0,73,59.3,24.9,6.5,5,0,1,0
136761,61,1,58,70.5,25.3,6,4,0,1,0
136762,33,1,81,93.9,28.1,8,0,1,1,0
136771,21,1,62,78.7,24.4,5,18,1,1,0
136776,67,1,84,101.8,38.5,8,1,0,1,0
136778,53,1,63,85.1,30.2,7,6,0,1,0
136785,61,0,96,63.8,22.6,9,3,1,1,0
136788,68,1,62,107.2,32.6,9,0,0,1,0
136791,64,0,90,60.5,21.3,8.5,1,0,1,0
136794,25,0,85,57.9,22.7,8,2,0,1,0
136797,30,0,82,65.9,27.3,10,9,0,1,0
136799,38,0,67,59.1,25.2,7.5,2,0,1,0
136800,62,1,55,71.9,24.1,9,3,0,1,0
136801,64,0,73,73,30.9,6,2,0,1,0
136802,53,0,94,47.7,16.8,2,4,1,1,0
136803,62,1,65,99.1,33,6,4,0,1,0
136806,68,1,80,120.2,40.3,6.5,12,1,1,1
136809,69,1,62,97.4,32.3,6.5,0,0,1,0
136810,73,0,67,120.9,46.9,7,5,0,1,0
136812,65,0,82,74.8,27.4,7.5,4,0,1,0
136814,56,0,93,107,45.5,8,4,0,1,1
136817,32,0,82,76.8,29.5,7,5,0,1,0
136818,46,0,62,76.1,23.1,7.5,2,0,1,0
136822,34,0,85,129.8,47.5,8,7,0,1,0
136826,64,0,74,98.2,37.9,6.5,13,0,1,0
136828,60,0,77,96.1,41.6,10,7,0,1,0
136829,76,0,57,76,29.4,6.5,3,0,1,0
136831,43,0,70,73.2,29,8,1,0,1,0
136832,72,1,66,107.5,33.1,7,2,0,1,1
136835,62,0,84,109.9,41.2,10,2,0,1,0
136836,71,0,71,65.8,22.7,6.5,8,0,1,1
136837,71,0,67,95.6,38,10,0,0,1,0
136838,68,1,83,94.8,26,7.5,3,0,1,0
136839,61,0,49,105.2,45.4,12,15,0,1,1
136840,54,1,67,77.9,26.1,6.5,0,0,1,0
136848,30,0,73,74.9,31.2,9,10,0,1,0
136849,53,1,70,89.3,30.5,8.5,0,1,1,0
136852,26,0,77,50.5,18.9,7.5,4,0,1,0
136854,36,1,69,73.6,23.4,4,12,0,1,0
136859,27,1,67,96.1,31,8,1,0,1,0
136866,25,1,72,92.2,27.6,8,5,0,1,0
136870,53,0,91,119.9,44.6,9.5,14,0,1,0
136872,26,1,56,89,34.9,6.5,1,0,1,0
136874,46,0,65,92.9,33.6,7,0,0,1,0
136882,28,0,98,99.3,38.2,8.5,2,0,1,0
136887,25,1,67,83.9,28.9,8,2,0,1,0
136888,21,1,69,81.2,22.9,9,3,0,1,0
136890,62,0,61,49.4,19.7,9,12,0,1,0
136891,31,1,63,115.4,29.9,8.5,3,1,1,0
136893,59,1,56,72.3,24.2,8,1,0,1,0
136897,70,1,91,106.1,36.2,8,1,0,1,1
136908,55,0,86,101.9,35.1,2,13,0,1,0
136910,70,1,68,95,29.4,8.5,3,0,1,1
136911,39,0,62,69.5,23.5,8,2,0,1,0
136914,56,1,69,104.7,33,7,0,0,1,0
136917,49,1,79,113.9,30.2,9,0,1,1,0
136918,24,0,93,63,25.2,10,3,0,1,0
136921,61,0,65,76.9,28.7,7,1,0,1,0
136922,44,1,64,69.7,24.8,7,1,0,1,0
136923,20,1,67,79.5,30.8,7.5,2,0,1,0
136925,63,1,68,74.8,24.7,5,0,0,1,0
136928,58,1,80,68,23.3,4,5,0,1,0
136929,47,0,66,86.5,32.4,8.5,2,0,1,0
136931,69,1,73,89.5,32.1,7,6,1,1,0
136936,68,0,68,73.5,30.1,9.5,7,0,1,0
136938,53,0,89,82.8,28.3,7.5,1,0,1,0
136939,59,0,69,55.7,23.4,4.5,3,0,1,1
136943,47,0,85,93.6,37.3,5.5,0,0,1,0
136946,67,1,96,76.4,26.3,8.5,3,1,1,1
136947,22,0,76,66.7,21,9,7,0,1,0
136950,25,1,104,112.9,38.1,9.5,5,1,1,0
136951,80,0,65,46.7,18.4,10,8,0,1,0
136953,57,0,62,68.4,27.7,11,2,0,1,0
136954,35,1,64,98,31.4,6,0,0,1,0
136956,62,0,67,58.6,22,7,2,1,1,0
136959,70,0,55,84.3,32.8,7.5,7,1,1,0
136963,32,1,74,121,37.6,7,7,0,1,0
136966,80,1,83,77.4,26.8,10,0,0,1,0
136968,52,0,65,79.8,30.9,9,0,0,1,0
136969,29,0,69,63.5,25.6,5,12,0,1,0
136972,78,0,98,74.3,27.7,8,4,0,1,1
136973,71,0,81,57.6,21.3,8,2,0,1,0
136975,49,1,85,99.9,35.8,6,11,0,1,0
136976,31,1,91,90.7,25.7,8,1,0,1,0
136977,29,1,65,87.3,27.1,7,0,0,1,0
136978,45,0,100,57.4,24.8,8,0,0,1,0
136979,78,0,59,99.6,37.3,7.5,2,0,1,0
136980,62,1,76,86.5,28.2,7,0,0,1,0
136982,47,1,45,71.8,23.1,7,3,0,1,0
136987,80,0,72,60,25.9,7,6,0,1,0
136988,65,1,62,117.9,35.2,10,0,0,1,0
136990,63,1,51,123.1,39.7,5,2,0,1,0
136991,48,1,59,66.4,21.3,7,1,0,1,0
136993,58,0,70,86.4,29.5,8,1,0,1,0
136994,50,0,68,65.6,24.8,7,0,1,1,0
136997,77,1,60,86.6,28.2,8,1,0,1,1
136998,77,0,63,65,23.9,8,1,0,1,0
137004,21,1,97,95.9,30.9,7.5,2,0,1,0
137005,30,1,60,83.6,24,8,4,0,1,0
137006,55,1,82,84.8,24.9,8,9,0,1,0
137007,77,0,90,98,37.9,7,2,0,1,0
137008,30,0,87,125.8,45,7.5,13,0,1,0
137009,56,0,42,50.1,18.4,9.5,7,0,0,1
137010,68,0,73,61.5,26.5,8,0,1,1,0
137011,32,1,79,83.3,27.2,8.5,0,0,1,0
137012,30,0,98,108.5,41,10,3,0,1,0
137013,80,0,61,66.4,29.4,5.5,0,0,1,1
137017,69,1,46,79.6,27.3,8.5,4,0,1,1
137022,73,1,76,78.1,24.6,9.5,0,0,1,1
137023,27,0,77,47.5,19.4,8.5,0,0,1,0
137026,36,0,78,93.6,31.3,8.5,13,0,1,0
137029,58,0,50,58.7,26.8,8,2,0,1,1
137031,35,0,60,87.5,37.8,6.5,7,0,1,0
137037,55,1,95,100.8,32.8,7.5,1,0,1,0
137039,64,1,67,104.7,31.7,6,9,0,1,0
137040,62,0,72,104.7,35.4,6.5,1,0,1,0
137042,71,1,61,80.9,26.9,10,11,0,1,1
137043,60,0,93,90.2,34,4,12,1,1,1
137045,59,0,78,44.9,20.3,8,1,0,1,0
137046,65,0,66,60.4,26.5,7.5,1,1,1,0
137048,60,0,75,55.3,21.7,8,1,0,1,0
137051,64,1,62,128.8,43.2,4,2,0,1,0
137052,53,1,63,64.4,19.8,4,18,1,1,0
137053,57,0,90,97.1,38.8,6.5,2,0,1,0
137054,23,0,69,70.3,24.6,5.5,9,0,1,0
137055,68,1,72,125.1,39.9,8.5,4,1,1,1
137056,64,0,73,96.8,33.5,9,0,0,1,0
137057,32,0,59,64.4,26.6,7.5,12,0,1,0
137059,71,0,58,68.1,25.4,8.5,0,0,1,0
137060,52,0,75,90.2,41.5,5,6,0,1,0
137061,78,0,62,59.9,24.9,7,2,0,1,0
137064,58,1,75,69.6,22.1,7.5,10,1,1,0
137065,66,0,72,52.4,19.2,8,8,0,1,0
137066,25,0,56,53.9,19.5,8,1,0,1,0
137067,58,1,96,91.6,32.5,8,11,1,1,0
137068,50,0,63,60,25.8,8,11,1,1,0
137073,58,0,63,105.4,39.3,8.5,0,0,1,0
137076,80,0,83,60.5,24.5,8,0,0,1,0
137077,80,1,48,93.4,39.2,7.5,3,0,1,0
137078,80,0,69,52.5,26.7,10,16,0,1,1
137082,79,0,77,77.7,32.3,3.5,0,0,1,0
137083,61,1,55,96.1,32.9,7,2,0,1,0
137085,36,0,105,75.5,29,10,0,0,1,0
137088,80,0,65,97.6,40.4,7.5,10,0,1,0
137090,23,0,91,78.8,29.4,10,4,0,1,0
137094,45,1,89,111.1,30.3,7,6,0,1,0
137096,68,1,45,84.6,26.2,7.5,2,0,1,0
137100,77,1,94,97.8,33,8,8,0,1,1
137102,39,0,66,65.9,26.2,7,0,0,1,0
137103,45,1,79,121.3,35.8,7,4,0,1,0
137105,72,0,78,95.4,37.6,9,15,1,1,0
137106,68,0,73,57.3,22,6,12,1,1,0
137107,40,1,52,73.4,26.9,5.5,2,0,1,0
137110,40,1,69,83.4,25,9,0,0,1,0
137112,26,0,86,145.4,52.6,7,10,0,1,0
137113,65,1,61,88.8,27.4,7.5,0,0,1,0
137119,77,0,61,72.3,32.7,8.5,5,0,1,0
137123,68,1,64,79.5,25,7,0,0,1,0
137125,42,0,49,57.5,22.8,5,5,0,1,0
137126,68,1,67,100.9,33.1,10,10,1,1,0
137132,51,0,86,76,25,9,2,0,1,0
137133,52,0,74,63.2,22.7,7.5,15,0,1,0
137136,71,1,60,95,30.3,7,0,0,1,0
137137,48,0,81,70.6,29.9,8,0,0,1,0
137138,70,1,83,135.6,42.5,8.5,6,0,1,1
137139,53,0,62,101.1,38.5,7,25,1,1,0
137140,64,0,54,67.2,26.7,11,0,0,1,0
137145,55,0,51,105.8,35.6,7.5,3,0,1,0
137146,55,0,59,61.5,25.7,5,13,0,1,0
137149,33,0,68,66,22.7,9,7,0,1,0
137153,67,0,57,71.3,27.4,6.5,0,0,1,0
137154,65,0,73,144.4,53.9,7,12,0,1,0
137157,47,0,71,95.6,34.5,9,5,0,1,0
137158,41,0,67,99.3,40.9,7.5,3,0,1,0
137159,67,0,77,95.8,35.4,7,16,0,1,1
137160,46,0,66,62.3,25.1,9,0,0,1,0
137167,72,0,68,62.1,25.5,7.5,3,0,1,0
137170,65,1,53,97.6,30.1,8,0,0,1,0
137175,68,0,61,88.9,37.7,7.5,0,0,1,0
137177,51,1,82,72.3,27.3,5,1,0,1,0
137178,68,0,64,67.8,27.4,8.5,1,0,1,0
137179,64,0,88,90.7,34.5,13.5,3,0,1,0
137180,77,0,72,69.3,32.1,9.5,5,0,1,0
137184,38,1,63,117.3,38.5,6,3,0,1,0
137186,79,0,61,114.2,44.5,8,1,0,1,0
137191,23,1,68,84.2,29,8.5,8,1,1,0
137195,69,1,72,112.3,31.2,8.5,1,0,1,0
137198,23,0,70,64.7,23.7,8.5,7,0,1,0
137200,40,1,78,81.1,31.7,4.5,0,0,1,0
137202,24,1,69,129.2,42.2,6,0,0,1,0
137203,33,1,81,94.6,30.9,7.5,5,0,1,0
137206,68,0,75,67.6,27.9,5,14,1,1,1
137208,54,0,70,61.9,27.4,5,0,0,1,0
137209,44,1,46,64.4,24.5,8.5,5,0,1,0
137212,80,0,64,69.5,28.7,4.5,2,0,1,0
137213,31,1,84,77.5,25.9,7.5,2,0,1,0
137214,31,0,65,91.9,32.6,7.5,3,0,1,0
137215,56,0,66,87.1,36.1,7,7,0,1,0
137216,53,1,53,144.1,40,8,3,1,1,0
137218,39,1,72,82.7,23.3,8,1,0,1,0
137224,53,0,53,76.1,29.8,4.5,4,0,1,0
137228,33,0,80,113,43.6,9,1,0,1,0
137230,80,1,71,73.9,25.8,9,9,0,1,0
137232,61,1,76,65.8,23.4,6.5,1,0,1,0
137234,63,1,75,78.6,24.8,6,0,1,1,1
137239,79,1,59,107.9,35.6,7.5,1,0,1,0
137240,23,1,69,73.8,24.3,8.5,3,0,1,0
137241,47,1,80,82.9,27.5,8,0,0,1,0
137243,63,0,64,76.6,29.5,7,10,0,1,0
137246,39,0,74,62.9,24.6,8,0,0,1,0
137248,80,0,57,92,36,8.5,10,0,1,0
137249,42,0,75,65.1,24,8,8,0,1,0
137250,49,0,52,57,25.2,7,2,0,1,0
137253,31,1,67,101.6,29.6,6.5,6,0,1,0
137255,54,0,71,79.7,32.3,8.5,0,1,1,0
137256,75,0,57,81,33.4,6,3,0,1,0
137261,75,1,60,59.9,22,5.5,1,0,1,0
137263,57,0,93,54.4,24.1,7.5,0,0,1,0
137264,80,0,64,58.8,23.9,9,0,0,1,0
137268,48,1,76,122.2,38,8.5,2,0,1,0
137269,49,0,79,65.5,25.4,3,11,1,1,0
137270,68,0,73,84.5,34.7,13,3,0,1,0
137271,44,1,91,89.9,29.3,7,3,0,1,0
137272,56,0,76,102.8,40.1,7.5,1,0,1,0
137273,55,1,93,78.1,23,8.5,6,0,1,0
137274,61,1,90,74.4,25.2,6.5,0,1,1,0
137276,64,0,68,51.6,21,8,0,0,1,0
137279,30,0,83,62.8,22.1,8.5,0,0,1,0
137280,58,1,57,89.2,25.2,7,3,0,1,0
137281,59,0,72,61.2,24,7.5,6,0,1,0
137282,48,1,71,133.7,44.4,4,12,0,1,0
137283,80,0,71,75.2,29.3,8.5,3,0,1,0
137284,60,0,89,99.9,35.8,6,8,0,1,0
137286,65,0,79,42.8,19.8,11,0,1,1,0
137291,64,1,65,83.8,25.9,7,1,0,1,0
137293,61,0,54,61.2,24.3,5,4,0,1,0
137295,24,1,72,100.1,32.3,8,19,0,1,0
137299,25,1,79,103,27.8,8,0,0,1,0
137300,34,1,60,103.1,33.9,7.5,2,0,1,1
137301,52,0,62,53.5,24.7,7,0,0,1,0
137302,57,0,78,92.8,33.5,9,2,0,1,0
137303,50,1,71,88.4,31,9.5,6,0,1,0
137304,38,0,63,61.7,22,9,2,0,1,0
137305,27,0,64,49,20.6,7,4,0,1,0
137306,41,0,80,63.5,22.1,7,2,0,1,0
137307,66,1,82,85.2,33.7,8,0,1,1,0
137308,70,1,61,98.7,33.8,6,5,0,1,0
137309,45,0,82,90.7,40.4,7,3,0,1,0
137310,69,1,68,115.6,39.3,4,3,0,1,0
137311,41,0,74,90.6,41.1,7,0,0,1,0
137313,37,1,66,92.5,31.7,9,0,0,1,0
137314,67,1,61,93.4,28.8,8,2,0,1,0
137316,26,0,69,56.1,25,7,9,0,1,0
137319,62,1,75,105.7,32.1,8,0,0,1,0
137323,32,0,75,74.5,29.9,5.5,2,0,1,0
137324,58,0,93,114.5,49.8,3,7,0,1,0
137325,65,0,58,65.4,22.7,8,1,0,1,0
137329,74,1,82,86.1,30.9,9,1,0,1,1
137331,70,1,52,91.4,28.9,8,0,0,1,1
137332,72,1,75,90.4,25.9,7,3,0,1,0
137333,41,0,70,94,44,8,4,0,1,0
137337,33,1,76,87.7,31.3,8,0,0,1,0
137339,49,1,59,71.5,23.8,8,1,1,1,0
137341,53,0,57,86.2,33.5,8.5,0,0,1,0
137342,49,0,66,58.9,28.2,7.5,2,0,1,0
137344,50,1,71,88.7,29.6,6.5,3,0,1,0
137345,26,1,67,82,28.4,7.5,2,0,1,0
137348,31,0,81,92.5,32.2,7,5,1,1,0
137350,64,0,88,92.1,32,7.5,0,0,1,0
137352,73,1,58,93.7,29.9,10,0,0,1,0
137354,68,0,55,60.2,24.4,8,1,0,1,0
137355,37,0,74,70.8,25.8,7,0,0,1,0
137366,73,0,85,62.6,27.6,9,0,0,1,0
137368,55,1,75,85.8,24.4,6,2,0,1,0
137370,73,1,102,75.8,25.4,7.5,1,0,1,0
137374,25,0,110,56.8,20.9,8.5,6,0,1,0
137375,60,0,70,79,28.6,8,0,0,1,0
137378,70,1,96,62.1,25.2,12,19,0,1,0
137379,66,1,75,98.9,33.7,5,8,0,1,0
137381,40,1,78,98.2,32.8,8,0,0,1,0
137383,73,0,77,65.2,23.3,8,3,0,1,0
137386,56,1,66,106.6,34.6,7.5,1,0,1,1
137387,69,0,54,80.4,33.7,6,5,0,1,0
137391,62,1,53,116,34.2,9,5,1,1,0
137394,65,1,85,138.3,44.6,8,3,0,1,0
137395,63,0,68,63.3,24.5,8,1,0,1,0
137400,67,1,79,67.7,22.1,9.5,0,0,1,0
137401,75,1,91,74.5,23,7,0,0,1,0
137402,40,0,81,74.3,26.4,8.5,3,0,1,0
137403,80,1,46,75.1,28.6,9,0,0,1,0
137408,24,1,57,106.1,28.5,7,0,0,1,0
137409,41,0,75,89,33,7,11,0,1,0
137410,20,0,85,53.1,21.7,4,6,0,1,0
137411,31,0,84,72.4,27,8,19,0,1,0
137412,66,1,65,81.9,23.6,8,1,0,1,1
137414,44,0,72,67.7,26.6,6.5,2,0,1,0
137417,43,1,73,87.4,27.9,5,11,1,1,0
137419,31,1,62,111.8,35.7,6,4,0,1,0
137420,80,0,75,78.5,31.9,10,6,0,1,1
137421,61,1,65,90.3,27.8,6,4,0,1,0
137423,44,1,86,84.1,30.2,5,1,1,1,0
137424,28,1,73,127,38.7,6,6,0,1,0
137425,51,0,59,63.6,36,8.5,5,0,1,0
137429,72,0,69,65.6,27,7,0,0,1,0
137432,70,0,62,63.1,26.1,5,0,1,1,0
137435,44,1,63,62.1,23,8.5,2,0,1,0
137436,80,1,69,88.3,26,9,3,0,1,0
137438,65,0,69,61.4,24.3,5.5,1,0,1,0
137440,50,0,91,75.1,33.7,6,9,0,1,1
137443,62,1,54,83.9,26.3,7,3,0,1,0
137446,57,0,55,94.3,33.5,8,3,0,1,0
137447,72,1,59,95.9,29.4,8.5,0,0,1,1
137448,80,1,59,80,27.7,9,6,0,1,1
137451,80,1,78,99.6,32.6,8,16,0,1,0
137453,64,0,88,91.9,29.7,5,5,1,1,0
137455,76,1,80,79.6,29.8,9,2,0,1,1
137461,61,0,73,56.8,22.6,8,0,0,1,0
137462,73,1,73,86.9,27.5,6,0,1,1,0
137463,60,1,53,90.4,27.5,8.5,0,0,1,0
137464,33,1,96,122.7,38.9,5,7,0,1,1
137468,31,0,95,128.1,48.5,7,7,0,1,0
137472,41,0,66,73.5,28.1,9,1,0,1,0
137473,26,1,80,72.6,20.8,7,10,0,1,0
137474,64,1,65,67.7,25.6,8,4,0,1,1
137476,70,0,67,74.7,28.2,9,4,0,1,1
137478,73,1,57,88,27.1,4,3,0,1,0
137480,23,0,80,80.4,30.4,7,3,0,1,0
137482,38,0,75,105.8,37.9,8.5,0,0,1,0
137483,42,0,74,53.2,19.5,9,2,0,1,0
137489,75,1,82,77,25.5,7.5,0,0,1,0
137493,31,0,78,153.3,57.4,8,19,0,1,1
137495,68,0,55,109.7,41.6,7.5,3,0,1,0
137499,80,1,63,80.1,28,6,1,0,1,0
137501,35,0,79,78,30.5,7.5,2,0,1,0
137502,80,1,84,65.3,20.4,10,1,0,1,1
137504,63,0,60,99.4,38.9,2,4,0,1,0
137508,79,1,55,81,28.1,10,1,0,1,0
137510,80,0,73,54.4,21.4,8,1,0,1,1
137515,72,1,64,116.8,40.6,9,0,0,1,1
137517,51,0,70,63,23.3,4.5,2,1,1,0
137518,48,1,59,76.2,26.2,8,0,0,1,0
137519,33,1,78,134.1,41.6,7.5,8,0,1,0
137520,73,1,65,104.3,34.1,9,0,0,1,1
137523,56,1,53,119.9,42.7,5.5,0,0,1,0
137526,45,0,81,141.7,50.3,8.5,5,1,1,0
137528,57,1,90,117.6,40.1,8,6,0,1,0
137531,30,0,82,73.2,26.1,8.5,3,0,1,0
137532,43,0,47,74.1,23,7.5,0,1,1,0
137534,48,1,66,93.1,29.1,4,2,0,1,0
137537,37,0,71,81.9,30.6,8.5,0,0,1,0
137544,75,0,57,71.5,29.9,7.5,7,0,1,0
137545,59,0,102,70.1,30.9,12.5,3,1,1,0
137547,61,1,48,100.6,33,7,2,0,1,0
137548,33,1,64,70.5,28.3,6,8,0,1,0
137550,56,1,57,96.8,30.1,8,1,0,1,0
137551,61,0,74,96.6,36,8,3,0,1,0
137552,64,1,87,89.1,28.9,6.5,0,0,1,0
137559,38,0,85,113.8,38,8,2,1,1,0
137563,55,0,68,104.9,40.3,7,16,0,1,0
137564,51,1,67,111,33.8,7,11,0,1,0
137567,36,0,60,85.3,32.2,5,8,0,1,0
137568,24,1,74,76.7,22.3,8,10,0,1,0
137569,20,1,69,85.3,29.4,8.5,4,0,1,0
137571,72,1,67,90.6,32.1,3,0,0,1,1
137573,44,0,72,71.1,27.7,7.5,5,0,1,0
137575,76,0,64,46.4,21.9,8,2,0,1,0
137580,23,0,71,77.8,28.4,8,3,0,1,0
137581,39,1,56,83.2,25.2,8,0,0,1,0
137585,63,0,71,66.7,22.7,7.5,2,0,1,0
137590,53,0,68,58.1,22.1,11,3,0,1,0
137593,42,0,81,86.2,28.4,8,0,0,1,0
137595,54,0,86,74.2,29.4,7,3,0,1,0
137597,61,0,69,84.1,36.6,6,3,0,1,0
137598,71,1,63,68.5,24.2,9,6,0,1,0
137607,32,0,83,98,33.8,5.5,0,0,1,0
137610,59,1,85,73.2,26.7,7,14,0,1,1
137612,46,1,110,48.9,20.1,4,0,1,1,0
137613,63,0,78,83.7,36.5,6.5,1,0,1,0
137614,34,0,67,76.8,33.6,8,2,0,1,0
137615,21,0,76,76.7,28.8,8.5,8,0,1,0
137619,64,0,79,88.5,34.4,7,6,0,1,0
137623,66,1,59,97.6,33.7,8.5,7,0,1,0
137625,63,0,79,95,37.2,7.5,2,0,1,0
137626,31,0,71,103.4,41.9,8,2,0,1,0
137629,35,0,86,107.2,43.9,8.5,6,0,1,0
137632,46,1,50,84.2,27,6.5,0,0,1,0
137635,75,0,60,82.3,30,7.5,1,0,1,0
137643,44,0,64,90.1,37.6,9,7,0,1,0
137649,34,0,84,59.4,23.8,8.5,7,1,1,0
137650,28,1,62,94.2,27.6,7,4,0,1,0
137651,51,1,69,78.5,25.3,7.5,3,0,1,0
137652,61,0,85,61.6,25.7,10,5,0,1,0
137654,69,1,66,90.1,28.8,7.5,1,0,1,1
137655,48,1,75,65.7,23.1,9,0,1,1,0
137657,67,0,68,66.2,27.7,7,3,0,1,0
137659,78,0,70,60.3,21.6,9,0,0,1,0
137660,27,0,69,87.3,35.4,8.5,2,0,1,0
137661,42,0,78,79.6,28.2,9,9,0,1,0
137662,62,0,62,106.5,44.7,8,17,0,1,0
137663,29,1,68,68.6,21.9,10,5,0,1,0
137664,69,1,51,78.7,25.9,8,0,1,1,0
137668,50,1,67,149.4,42.1,8,5,0,1,1
137670,63,0,58,53.5,24.4,8.5,0,0,1,0
137674,61,0,51,91.4,31.6,7.5,3,0,1,0
137675,27,1,56,108.2,33,8,2,0,1,0
137676,43,0,61,121.9,46.1,10,1,0,1,0
137680,74,0,58,59.3,22.9,8,0,0,1,0
137683,33,1,62,81.9,25.1,8,3,0,1,0
137686,38,0,81,93.8,34.7,9,3,0,1,0
137690,57,1,52,60.6,23.8,7,10,1,1,0
137695,78,0,56,78.8,31.9,8,3,0,1,0
137696,64,0,80,64,24,7,3,0,1,0
137700,31,0,66,70.5,29.8,6,3,0,1,0
137701,60,0,86,81.6,33.1,6,3,0,1,1
137702,46,1,84,84.6,25.8,10,0,0,1,0
137703,51,1,91,112.8,36.1,7,0,0,1,0
137705,65,0,85,83.5,34.1,8,0,0,1,0
137706,58,0,66,135.7,53.1,4,1,0,1,0
137711,78,0,64,56.7,22,9,0,0,1,0
137713,40,0,66,107.5,39.7,7,7,0,1,0
137718,60,0,84,79.6,30.3,6,6,1,1,0
137721,78,0,74,66.2,24.8,5.5,0,1,1,0
137723,60,0,62,52.4,19.7,7,0,0,1,0
137725,44,0,69,53.8,21,6.5,14,0,1,0
137726,57,0,74,105.9,44,6.5,4,0,1,0
137729,68,0,70,90.1,35.3,5.5,4,0,1,0
137730,34,0,74,105.5,35.3,8,11,1,1,0
137733,28,1,63,112.9,33.9,8,2,0,1,0
137736,66,1,77,129.5,42.3,8,0,0,1,0
137737,73,0,70,84.2,27.2,8,6,1,1,1
137738,67,1,54,74.9,24.4,9,2,1,1,1
137739,64,1,65,66.7,22.8,7,4,0,1,0
137740,28,0,71,91.7,36,3.5,7,0,1,0
137741,30,0,72,68.4,26.4,9,0,0,1,0
137742,55,1,87,52.1,18.2,7.5,23,1,1,1
137747,65,0,62,87.5,33.2,8.5,3,0,1,0
137748,42,0,78,120.6,45.4,7,1,0,1,0
137752,61,0,97,77.3,34.2,8.5,7,1,1,0
137756,51,1,56,73.4,27.5,8,3,1,1,0
137757,23,0,66,51.7,20.1,7,5,0,1,0
137760,20,1,66,117.6,38.1,2,6,0,1,0
137761,35,0,63,57.1,20,8.5,2,0,1,0
137765,43,1,93,138,37.2,11,1,0,1,0
137768,44,1,58,124.8,38.3,7,0,0,1,0
137773,61,1,76,83.1,31,10,17,0,1,1
137774,48,1,46,94.8,30.4,7,0,0,1,0
137777,43,0,68,74.5,28.8,8.5,1,0,1,0
137781,44,1,53,71.8,29.8,7,2,0,1,0
137784,27,1,51,74.4,25.8,8,1,0,1,0
137787,44,1,60,73.5,26.2,8,0,0,1,0
137788,79,0,78,54.1,24.2,6.5,3,0,1,0
137790,66,0,83,98.2,42.8,8.5,12,0,1,1
137791,55,1,57,81.6,27.2,6.5,0,0,1,0
137793,67,1,61,91.5,32,8,1,0,1,0
137794,80,1,57,75.5,27.1,8,2,0,1,0
137798,72,1,48,136,43.1,6.5,2,0,1,1
137799,66,0,57,89.2,36.9,5.5,12,0,1,0
137800,34,1,74,82.6,27.6,9,0,0,1,0
137801,68,1,82,84.8,29.6,7,1,1,1,0
137803,51,0,79,61.7,22.1,7.5,6,0,1,0
137808,66,0,86,47.4,18.3,8.5,1,0,1,0
137809,32,0,96,60.1,22.9,6,3,0,1,0
137810,43,0,65,101.2,39.3,10,8,0,1,0
137816,46,1,76,91.5,27.8,8.5,0,0,1,0
137817,80,0,60,83.2,32.8,3,12,0,1,1
137818,46,0,66,63.6,21.6,7.5,2,0,1,0
137820,32,1,48,61.2,19.5,8,5,1,1,0
137822,72,1,79,98.2,32.1,9,5,1,1,1
137823,69,0,91,81.2,36.5,8,0,1,1,0
137824,23,0,66,97.9,39,10,18,0,1,0
137826,39,0,93,48.5,18.6,9.5,14,0,1,0
137829,40,0,66,73.6,29,6.5,11,0,1,0
137831,64,0,62,64.4,25.1,9.5,0,0,1,0
137832,67,0,62,79.8,28.2,7,5,0,1,0
137834,61,1,71,87.7,27.6,8,0,0,1,0
137838,29,1,129,164.7,48.5,8,10,0,1,0
137840,40,0,89,95.4,38.6,7,0,0,1,0
137841,80,0,68,83.3,31.5,10,7,0,1,1
137843,21,1,62,81,25,8,1,0,1,0
137844,79,1,54,82.4,30.3,6,17,0,1,1
137845,49,0,72,99.3,35,8.5,4,0,1,0
137846,47,1,103,121.7,38.5,2,10,1,1,0
137849,24,1,72,64.3,20,7.5,1,0,1,0
137850,66,0,75,61.4,24.5,9,1,0,1,0
137851,33,0,91,61.1,21.5,8,6,0,1,0
137852,75,0,75,74,30.1,9,5,0,1,0
137853,57,0,56,61.3,27.1,8,3,0,1,0
137858,54,0,76,92.3,35.2,4.5,5,0,1,0
137860,67,0,65,71.4,28,8.5,0,0,1,0
137862,36,1,85,88.6,29.1,8,1,0,1,0
137865,32,1,63,83.7,26.2,11,7,1,1,0
137870,46,1,63,77.4,26.5,6.5,0,0,1,0
137871,20,0,46,77.2,26.4,8.5,16,0,1,0
137872,78,0,71,101,37.7,8.5,1,0,1,0
137873,73,0,96,72.1,28.6,9,4,0,1,0
137875,80,1,71,75.6,27.1,6.5,3,0,1,1
137876,80,0,63,79.1,30,8.5,1,0,1,0
137877,30,1,62,62.7,20.2,7,7,0,1,0
137878,69,1,78,90.2,30.8,10,6,0,1,0
137879,54,0,80,78.2,26,7.5,2,0,1,0
137881,63,0,83,106.5,35.7,2,11,0,1,0
137882,62,1,51,99,32.6,7,5,0,1,0
137883,74,0,72,90.8,35.1,7,10,0,1,0
137885,74,1,74,55.9,23.4,9.5,0,0,1,0
137886,67,0,68,47.7,20.2,6.5,1,0,1,0
137888,45,1,66,98.3,32,6.5,0,1,1,0
137890,44,0,62,57.6,22.2,8,2,0,1,0
137891,29,0,81,94.5,33,7,5,0,1,0
137892,51,0,66,69.5,25.5,6,1,1,1,0
137893,60,1,72,115.7,32.3,7,3,0,1,0
137894,72,1,79,92.7,30.1,8,0,0,1,0
137895,35,1,53,83.3,23.8,7,8,0,1,0
137900,40,0,66,77.7,31.4,5.5,0,0,1,0
137901,34,1,58,79.6,26,6.5,0,0,1,0
137905,35,0,60,56.6,20.9,7.5,0,0,1,0
137906,80,0,59,58.4,28.2,11,9,0,1,0
137909,40,0,69,122.5,51.7,8,6,1,1,0
137910,73,1,65,139.7,46.1,7,5,0,1,0
137914,67,1,42,98.4,30.1,7.5,0,0,1,0
137926,63,0,62,56.5,22.5,7,4,0,1,0
137932,59,0,74,58.4,22,7.5,2,1,1,0
137934,67,1,77,91.3,28,7,3,0,1,0
137936,72,0,55,46.3,19.1,7,0,0,1,0
137939,34,1,66,51.2,16.5,13,8,0,1,0
137942,71,0,71,91.4,36.5,6,1,0,1,0
137943,32,1,63,85.4,27.2,7,21,0,1,0
137945,46,1,57,119.5,45.4,5,6,0,1,0
137947,64,1,70,73.3,30.8,7.5,0,0,1,0
137948,53,1,65,94.8,29.2,5,3,0,1,1
137949,63,1,72,86.4,25.2,8.5,0,0,1,0
137950,50,0,81,64.4,24.9,6.5,0,0,1,0
137952,73,1,83,96.2,27.3,9,19,0,1,1
137953,65,0,57,72.2,28.5,9,2,0,1,0
137955,41,0,78,50.3,18.7,10,0,0,1,0
137962,72,0,52,71.1,29.5,9,3,0,1,0
137965,53,0,62,91.5,36.7,8,1,0,1,0
137967,71,1,92,73.9,21.9,9,3,0,1,1
137970,37,0,76,76,26.6,8,1,0,1,0
137972,58,1,58,102.8,30.2,7,0,0,1,0
137974,37,0,65,59,22.8,7,0,1,1,0
137976,67,1,92,78.9,26.6,8,0,0,1,0
137977,67,0,75,82.6,29.7,10,6,0,1,0
137979,44,1,63,100.8,37.5,7.5,8,1,1,0
137982,62,0,50,91.5,41.1,11,11,0,1,0
137985,74,0,58,82,28.9,7,0,0,1,1
137988,74,0,73,55.4,23.1,7,4,0,1,0
137989,43,0,67,89.3,30.8,9,12,0,1,0
137990,45,0,90,100.9,35.6,8,9,0,1,0
137991,60,0,67,74.3,29.7,8,3,0,1,0
137992,67,1,50,78.9,26.2,6,5,0,1,0
137996,40,0,61,75,26.9,8,10,0,1,0
137999,52,0,68,86,34.3,9,5,0,1,0
138005,70,1,61,89.8,28.2,9.5,1,0,1,1
138006,75,1,50,110.5,37.8,10,3,0,1,0
138007,35,1,64,46.3,16.7,7.5,2,0,1,0
138011,68,0,70,91.9,33.4,9,18,0,1,1
138012,26,0,64,79.2,26.1,5.5,1,0,1,0
138013,58,0,83,77.8,30.6,6,4,1,1,0
138014,38,1,98,114.4,36.6,9,6,1,1,1
138015,63,0,71,79.6,27.4,10.5,6,0,1,0
138016,36,0,66,62.9,22.2,7.5,4,0,1,0
138017,32,1,75,97.4,32.5,5.5,3,0,1,0
138021,40,0,70,61.3,22.3,9,9,0,1,0
138027,67,0,72,69.9,25.2,7,1,0,1,0
138028,70,1,63,87.9,29,8.5,2,0,1,1
138032,21,0,83,73.6,23.8,9.5,9,0,1,0
138034,29,1,93,91.6,29.6,6.5,11,0,1,0
138036,50,0,69,85.3,33,8,10,0,1,0
138037,39,0,73,72.3,31.1,3,3,0,1,0
138038,72,1,66,85.9,27.3,10,0,0,1,0
138040,21,0,66,69.9,29.4,8,4,0,1,0
138044,44,0,66,67.8,26.2,8,10,0,1,0
138046,58,0,61,53.7,22,5,0,1,1,0
138048,55,1,77,77.4,24.3,7.5,0,0,1,0
138049,40,1,65,102.4,32.6,7.5,1,0,1,0
138050,75,0,73,118.7,43.6,8,6,0,1,1
138051,21,1,106,75.6,25.3,9,3,0,1,0
138053,65,0,84,69.2,29.6,6.5,0,0,1,0
138054,57,1,59,128.6,41.5,9,2,0,1,0
138055,77,1,62,83.2,24.6,8,2,0,1,0
138056,69,0,86,100.4,36.6,6,0,0,1,1
138057,56,1,67,114.7,37.6,7,0,0,1,0
138059,80,0,102,54.6,19.3,7.5,2,0,1,1
138061,67,0,83,70.6,26.5,8,2,0,1,0
138062,71,1,92,150.8,40.7,8,10,0,1,1
138063,24,0,69,98.6,40.6,6.5,15,0,1,0
138064,77,0,74,54.8,24,9.5,2,0,1,0
138072,67,1,44,75.6,23.6,6.5,8,0,1,1
138073,65,1,64,79.9,26.7,5,0,0,1,0
138076,67,1,73,75.7,29.2,9,1,0,1,0
138078,73,1,53,68.7,22.1,8,3,0,1,1
138080,37,1,56,122.6,40.8,7,0,0,1,0
138081,57,0,70,81.8,31.1,6.5,4,0,1,0
138082,59,1,66,83.3,25.7,9,7,1,1,1
138083,66,1,61,98.5,31.2,5,0,0,1,0
138084,59,1,62,78.5,25.3,6,7,0,1,1
138086,63,1,58,63.2,20.1,8.5,0,0,1,0
138087,73,1,56,76.5,24.3,8,2,0,1,0
138089,34,0,64,77.1,27,8,2,0,1,0
138090,37,1,65,76.7,24.6,8,12,0,1,0
138094,34,0,74,83.5,29,8,4,0,1,0
138097,78,1,72,122.1,40.9,7,0,0,1,0
138100,70,0,76,64.2,25,5.5,4,1,1,0
138102,30,0,69,66.4,23.4,8,3,0,1,0
138103,60,1,74,98.4,32.1,9,0,0,1,0
138104,34,1,56,75.5,24.8,8,2,0,1,0
138106,37,1,60,83.5,25.6,8,17,0,1,0
138108,34,0,73,78.7,27.2,6.5,2,0,1,0
138109,46,0,77,60.6,27.9,9,12,0,1,0
138110,69,0,82,85.2,32.6,10,3,0,1,0
138111,48,0,78,53.7,20.7,7.5,3,0,1,0
138114,62,0,69,68.4,24.3,8,2,0,1,0
138116,70,0,71,71.6,28.3,8,0,0,1,0
138117,65,1,78,101.5,36.3,6.5,1,0,1,0
138118,21,0,65,45.4,18.2,8.5,0,0,1,0
138119,80,1,84,73,25.1,6.5,0,0,1,0
138120,56,0,79,80.6,32,6.5,1,0,1,0
138122,65,0,64,106.5,40.3,8.5,3,0,1,0
138124,41,0,79,73.7,25.4,5,3,0,1,0
138131,26,0,82,67.9,31.8,8,20,0,1,0
138132,68,0,71,97.7,37,7,1,0,1,0
138135,62,0,63,56.1,25.4,6,19,1,1,0
138136,56,1,65,70.7,22.4,8.5,3,1,1,0
138137,35,1,56,84.9,30.4,7,0,0,1,0
138138,37,0,86,68,27.4,7.5,10,0,1,0
138140,53,0,74,58.3,24,9.5,5,0,1,0
138141,67,0,54,82.8,29.8,6,4,0,1,0
138144,71,1,68,115.6,36.3,7.5,3,1,1,0
138146,71,1,51,75.5,23.9,6.5,0,0,1,0
138147,30,0,79,64.5,24.6,8.5,0,0,1,0
138150,30,0,84,62.8,21,7,13,1,1,0
138152,34,1,68,96.5,32.8,8,7,1,1,0
138153,66,0,67,50.8,19,7,4,0,1,0
138154,65,0,72,51.3,22.9,6,26,1,1,0
138156,47,0,69,55.9,21.1,7,0,0,1,0
138158,60,0,91,56.1,23.8,6.5,1,1,1,0
138159,43,0,97,89.1,30.8,8.5,1,0,1,0
138160,52,0,62,48.8,21.6,8.5,1,0,1,0
138162,63,0,78,108.2,40.6,8,2,0,1,0
138166,62,0,69,129.8,45.9,9.5,0,0,1,0
138167,57,0,110,77.5,32.2,6.5,11,1,1,0
138171,71,0,68,89.5,35.9,7,1,0,1,1
138175,40,1,78,103.2,28.3,9,1,0,1,0
138177,80,0,65,66.1,26.9,7,1,0,1,0
138178,36,0,85,86.2,30.2,6.5,7,0,0,0
138181,67,0,62,62.7,28.5,7.5,1,0,1,0
138184,76,1,68,81.7,29.5,8,0,0,1,0
138185,59,1,62,89.2,30.5,9,4,0,1,0
138191,55,1,67,75.3,24.2,7.5,0,0,1,0
138194,21,0,63,53.3,20.7,9,11,0,1,0
138195,60,0,80,69.4,30.8,8.5,0,0,1,0
138196,61,1,61,68.1,22.1,9,0,0,1,0
138198,79,0,72,71.9,27,7.5,0,0,1,0
138200,63,1,70,98.5,30.5,7.5,0,1,1,0
138204,33,0,76,76.3,28.9,7.5,5,0,1,0
138205,58,1,71,82.2,29.1,8.5,0,0,1,0
138209,24,1,65,90.4,28.5,8,1,0,1,0
138211,37,1,68,99.4,27.8,6.5,2,0,1,0
138213,67,1,64,94.8,35.9,7.5,0,0,1,1
138218,37,0,78,52.8,18.4,7.5,6,0,1,0
138219,63,0,62,66.4,27.6,8,2,0,1,0
138220,61,1,68,87.2,33.9,6.5,2,0,1,0
138221,68,0,53,64.7,28.6,9,13,1,1,1
138225,67,0,65,101.7,38.8,8,0,0,1,0
138232,70,1,56,73.1,23.9,8,0,1,1,0
138234,30,1,72,71.7,28.6,7,0,0,1,0
138236,39,0,58,57.7,21.9,8,5,0,1,0
138238,62,0,74,81.5,29,8,8,1,1,0
138240,78,1,83,98,37.7,8,2,0,1,1
138241,52,0,65,67.7,23.8,8,8,0,1,0
138247,32,1,100,79.8,28.3,14,11,1,1,0
138249,41,0,67,98.2,38.3,8,4,0,1,0
138250,34,0,81,85.6,32.9,8,5,0,1,0
138254,79,1,71,93.3,29.2,9,14,0,1,0
138255,65,0,62,84.8,34.5,7,17,0,1,0
138257,72,0,79,50.8,20.5,8,2,1,1,0
138258,62,0,64,82,30.6,9,2,0,1,0
138261,58,0,56,50.4,21,9,3,1,1,0
138263,31,0,78,59,25.7,7.5,16,0,1,0
138267,70,1,78,120.1,42,7.5,6,0,1,0
138268,67,1,46,86.1,27.9,9,0,0,1,1
138271,20,0,67,58.2,23,6,10,0,1,0
138274,69,0,65,100.8,41.6,13,15,0,1,1
138280,65,0,73,142,52.5,8,4,0,1,1
138288,61,1,42,88.2,31.7,7,6,0,1,1
138290,23,1,63,64.1,21.5,9,1,0,1,0
138291,58,1,55,89.2,25.6,6,4,0,1,0
138292,48,0,53,61.8,23.5,7,5,0,1,0
138294,63,1,61,95.3,29.6,8,3,1,1,0
138296,63,1,89,98.7,31.9,7.5,2,0,1,0
138300,73,0,65,62.1,24.8,7.5,1,0,1,0
138302,39,0,84,66.1,22.9,8,0,0,1,0
138305,80,0,76,75.1,28.6,7,4,0,1,0
138308,41,0,68,87.1,33.1,9,3,0,1,0
138311,31,1,104,130.1,44.4,11.5,8,0,1,0
138315,26,1,70,100.8,27.9,8,0,0,1,0
138316,59,1,64,96.9,34,9.5,4,0,1,1
138317,57,1,81,108.9,32.6,7.5,2,0,1,0
138319,57,1,80,82.8,25.8,13,18,0,1,0
138320,68,1,81,124.7,42.5,8,2,0,1,1
138324,71,0,74,48.7,20.8,8,2,0,1,0
138327,44,1,80,69,24.9,5,23,0,1,0
138328,57,1,63,89.1,26.8,7.5,9,1,1,0
138330,64,0,64,68.3,25.1,7.5,0,0,1,0
138331,36,1,68,87.5,25.3,7.5,0,0,1,0
138336,80,0,61,65.8,28.8,9,6,0,1,0
138339,40,0,78,79,31.8,7.5,8,0,1,0
138341,58,0,56,79.5,32.4,7.5,0,0,1,0
138345,69,1,113,140.1,44.2,2,7,0,1,1
138347,80,1,70,56.9,19.4,4,10,0,1,1
138350,27,0,76,51.3,18.5,8,4,0,1,0
138352,39,0,54,92.4,35.7,3,2,0,1,0
138356,49,1,71,111.7,33.3,4,6,1,1,0
138357,40,0,99,86.6,27.4,8,8,1,1,0
138358,61,0,74,79.2,30.5,7,1,0,1,0
138359,20,0,61,103.1,35,8.5,1,0,1,0
138360,33,1,97,113,38.6,14,12,0,1,0
138364,26,0,85,53.8,19.5,8.5,8,1,1,0
138367,54,0,59,70.6,23.1,7.5,0,0,1,0
138369,73,0,74,66.1,24.2,9,0,0,1,0
138374,50,0,97,64.1,27.1,8.5,0,1,1,0
138375,43,1,69,93.9,32.8,4.5,0,0,1,0
138376,59,0,82,93.1,31.1,9,1,0,1,0
138377,33,1,55,59.2,23.5,5,7,0,1,0
138378,42,0,78,103.5,35.9,5,4,0,1,0
138379,27,1,83,54.5,21.3,8,3,0,1,0
138380,60,0,70,88.7,35.7,8.5,4,0,1,0
138384,66,0,88,56.8,22.7,8.5,6,1,1,0
138386,62,1,70,99.5,31.1,7,3,0,1,0
138387,51,1,73,81.9,29.7,14,18,0,1,0
138390,60,1,66,106.9,33,7,2,0,1,0
138392,70,1,79,79.9,25.6,8,0,0,1,0
138395,39,0,74,71.9,22.8,8,8,0,1,0
138398,40,1,54,75,22.4,6.5,3,0,1,0
138399,67,1,45,111.9,31.2,8,0,0,1,0
138400,29,0,64,54.6,23,8,4,0,1,0
138401,52,0,73,111,37.4,6.5,17,1,1,0
138405,72,1,77,63,19.6,6.5,4,0,1,0
138408,57,0,75,89.5,37.2,7,0,0,1,0
138409,37,0,59,75,27.9,5.5,8,0,1,0
138413,60,1,68,78,26.3,9,0,0,1,0
138414,30,1,47,78.9,22.6,10,0,0,1,0
138415,40,1,69,78.3,26.4,7.5,0,0,1,0
138418,35,0,77,82.2,28.7,6.5,2,0,1,0
138419,64,1,58,94.3,28.9,12,13,1,1,0
138422,78,1,78,135.1,43.9,7,6,0,1,1
138424,65,1,59,77.7,24.5,5,9,0,1,0
138425,66,0,75,97.4,33.8,9,4,0,1,0
138426,37,1,81,100.8,28.4,8,2,0,1,0
138428,36,0,50,82.8,34.6,8,1,0,1,0
138439,69,1,53,73,25.8,4,17,0,1,0
138447,59,0,62,101.8,42.4,7,8,0,1,0
138449,48,0,72,85.1,36.2,7,0,0,1,0
138451,32,1,63,132.4,36.9,8.5,2,0,1,0
138452,62,0,70,97.3,43,6,2,0,1,1
138454,75,0,77,98.2,37.1,7,5,0,1,1
138458,38,0,86,44.4,16.4,3.5,13,1,1,0
138463,58,1,101,97.4,34.8,9.5,8,0,1,0
138465,76,1,69,84.1,29,8,0,0,1,0
138466,22,1,47,90.8,32.2,9,7,0,1,0
138467,59,1,60,80.5,30.2,7.5,0,1,1,0
138468,41,1,57,62,22.3,7,3,0,1,0
138469,65,0,85,75.4,28.5,7,2,0,1,0
138474,62,1,61,79.3,24.1,8,7,0,1,0
138476,22,0,82,79.5,34.6,9,5,0,1,0
138478,67,1,59,103.4,30.4,7,1,0,1,0
138480,80,1,61,113,33.7,9,0,0,1,0
138481,76,0,77,58.8,22.2,5.5,3,0,1,0
138483,41,0,71,74.1,28,6.5,4,0,1,0
138485,53,0,71,87,32.4,6,5,0,1,0
138489,41,1,102,127.5,35.1,8,5,0,1,0
138490,46,0,53,63.7,20.8,8,0,0,1,0
138497,22,1,67,60.4,20.4,7,15,0,1,0
138498,26,0,75,60.8,23,8.5,4,0,1,0
138502,58,0,74,46.2,18.7,7.5,3,1,1,0
138513,71,0,56,56.7,23.4,9,1,0,1,0
138515,68,1,56,86.3,32.3,7,0,0,1,1
138517,30,1,83,74.3,22.3,5,13,0,1,0
138520,54,0,75,70.3,24.1,7,2,0,1,0
138521,78,0,67,72.2,31,8,4,0,1,0
138523,69,1,73,74.4,25.5,5,2,0,1,1
138527,29,0,99,70.3,22.7,9,0,0,1,0
138532,62,0,59,70.7,28.5,9,0,0,1,0
138533,67,0,103,99.2,43.9,7,7,0,1,0
138535,33,0,86,99.4,31.2,7,10,0,1,0
138536,38,1,88,143.9,35.7,7,3,0,1,0
138539,61,1,77,112.7,33.6,6,5,0,1,0
138542,77,0,65,73.4,26.6,7.5,0,0,1,0
138543,65,0,74,65.7,26.4,7.5,1,0,1,0
138550,39,0,73,64.9,24.6,7.5,2,1,1,0
138551,47,0,88,73.9,27.5,10,7,0,1,0
138555,33,0,87,71.5,22.5,4,24,0,1,0
138563,76,1,60,129.9,42,5,2,0,1,1
138565,48,0,78,53.7,24,8.5,2,0,1,0
138567,33,1,75,67.7,21.7,6,11,0,1,0
138571,60,0,75,89.4,30.6,9,5,0,1,0
138573,60,1,61,97.8,28.8,7.5,0,0,1,0
138576,20,0,72,58.7,26.8,7,15,0,1,0
138584,67,1,63,59.2,21.4,8,0,0,1,0
138588,72,1,51,81.1,25.9,9,3,0,1,0
138599,71,1,54,83.6,25.9,7.5,0,0,1,0
138600,34,0,82,88.9,35.3,9,5,0,1,0
138601,67,1,53,71.4,24.2,7.5,3,0,1,0
138606,49,1,56,93.1,30.8,6.5,2,0,1,0
138609,60,0,72,77.6,30.8,8,2,0,1,0
138613,58,0,71,91.7,33.9,8.5,11,0,1,0
138618,57,1,54,65.5,23.4,8,0,0,1,0
138619,53,1,87,106.5,35.6,8,0,0,1,0
138621,69,1,64,74.5,24.8,8.5,0,0,1,0
138624,72,1,93,98.9,31.6,8.5,2,1,1,1
138625,29,0,62,41.6,19,8.5,5,0,1,0
138627,21,0,96,66.4,27.4,9.5,2,0,1,0
138631,66,1,68,75,24.2,8,3,0,1,1
138636,32,0,73,79.9,31.6,8.5,0,0,1,0
138637,38,0,88,73.5,27.1,7,2,0,1,0
138639,51,1,87,97,36.6,5.5,5,0,1,0
138641,44,1,84,88.8,26.1,8,3,0,1,0
138647,66,0,63,100.7,33.3,8,1,0,1,0
138651,58,1,67,78.1,25.6,7,0,0,1,0
138658,67,0,73,73,27.1,8.5,0,0,1,0
138659,80,1,60,83.4,30.6,7,0,0,1,0
138660,44,0,60,104.3,34.5,6.5,4,0,1,0
138664,70,0,78,78.5,35.3,5.5,1,0,1,0
138666,44,1,72,124.3,34.5,5.5,2,0,1,0
138671,48,1,74,96.3,27.9,6.5,0,0,1,0
138673,80,0,58,61.6,24.3,9,8,0,1,0
138674,72,0,71,61.8,27.7,8.5,5,0,1,0
138675,76,1,63,83.2,26.4,7,1,0,1,1
138679,26,1,67,49.6,17.5,6,10,0,1,0
138680,68,0,71,69,26,7,0,0,1,0
138681,70,1,54,83.9,26.5,6.5,1,0,1,0
138689,47,1,60,107.8,35.1,8.5,2,0,1,0
138690,61,0,69,64,27.7,6,1,0,1,0
138694,64,0,72,70.2,26.8,8,0,0,1,0
138695,39,1,87,109.4,39.7,8,2,1,1,0
138697,41,1,72,70.1,25.7,7,0,1,1,0
138698,66,0,94,87,35.5,6.5,0,0,1,0
138701,75,1,74,89.9,28.8,11,0,0,1,1
138702,61,1,62,84.2,25,8.5,1,0,1,0
138703,53,0,59,67.9,24.4,7.5,0,0,1,0
138708,50,0,74,117.7,44.2,7.5,3,0,1,0
138711,25,1,99,87.4,28,9,11,1,1,0
138712,69,1,44,69.4,23.6,7.5,1,0,1,0
138716,63,0,67,76.9,26.4,8,0,0,1,0
138717,72,0,61,88.3,37.1,9.5,6,0,1,1
138718,51,1,70,96.6,29.8,5,5,0,1,0
138719,32,1,71,89.7,29.1,8.5,5,0,1,0
138720,65,0,71,51.6,21.6,7.5,0,0,1,0
138722,63,1,67,82.3,29.9,6.5,8,0,1,0
138724,80,1,56,111.3,39.1,7,19,0,1,0
138725,28,0,78,66.5,23.8,8.5,2,0,1,0
138727,73,0,56,57.8,23.9,7,2,0,1,1
138728,45,0,110,113,38.4,10.5,10,1,1,1
138730,24,0,96,43.5,18.1,6.5,10,0,1,0
138731,43,0,73,89.1,34.9,8.5,1,0,1,0
138732,68,1,61,89.5,25.8,7.5,2,0,1,1
138738,73,1,42,65.6,21.4,8,3,0,1,0
138739,68,0,51,68.9,26,8,2,0,1,0
138740,30,0,85,82.1,28,9,2,0,1,0
138744,27,0,65,49.7,19.7,8,4,0,1,0
138749,40,1,53,66.5,21.7,9,0,0,1,0
138750,33,0,76,128.2,48.9,7,4,0,1,0
138751,62,0,84,76.9,29.4,7,5,1,1,0
138752,40,1,62,74.1,23.8,7,4,0,1,0
138755,80,0,80,72.6,31.6,9,11,0,1,1
138756,79,0,58,62.4,28.1,7.5,3,0,1,0
138760,37,1,103,63.7,22.1,3,7,1,1,0
138761,36,0,63,65,24.5,6,5,1,1,0
138763,21,1,66,85.5,27.1,8,5,0,1,0
138765,55,0,105,61.1,25.2,9,12,1,1,0
138768,69,1,56,101,30.4,7,2,0,1,0
138770,80,1,89,77.1,25.1,8,1,0,1,0
138774,67,1,71,98.5,33.2,5,16,0,1,1
138775,55,0,74,67,30.4,8,1,0,1,0
138778,44,1,74,56.2,18.5,8.5,0,1,1,0
138783,56,0,70,123.3,39,2,15,1,1,0
138785,64,0,70,105,35.4,10,3,0,1,1
138786,74,1,72,81.1,27.4,5.5,0,1,1,0
138791,39,0,71,114.8,39.2,7,9,0,1,0
138794,52,0,66,87.5,31.2,6,21,0,1,0
138795,68,0,71,67,25.2,7,0,0,1,1
138800,61,1,70,93.7,31.1,7,1,0,1,0
138801,44,1,83,100.6,32.1,8,4,0,1,0
138802,46,0,80,131,49,10.5,15,1,1,1
138803,61,0,86,94.2,32.2,8,2,0,1,0
138804,69,1,68,51.4,20.3,3.5,4,1,1,1
138805,77,1,98,58.9,25.1,8,1,0,1,1
138806,47,0,81,54.8,25,10,7,0,1,0
138808,41,0,73,116.1,41,9,1,0,1,0
138809,51,0,67,103.1,40.1,6,1,0,1,0
138810,58,0,78,124.4,43.1,8.5,1,1,1,0
138811,21,1,61,85.3,29.2,10,3,0,1,0
138812,64,0,87,93.1,29.7,7,0,0,1,0
138814,68,1,86,73.9,27.1,7,0,0,1,0
138815,76,0,64,76.6,27.6,9.5,7,0,1,0
138818,58,1,66,102,33.3,5,0,0,1,0
138819,80,0,100,94.6,34.6,9,4,0,1,0
138824,72,1,58,68.2,24.3,8,1,0,1,0
138825,65,0,67,88.2,38.5,8,1,0,1,0
138828,27,0,95,108.1,40.8,9.5,13,0,0,0
138830,72,0,66,48.3,20.7,8,6,0,1,0
138832,48,1,81,83.2,26.8,8,4,0,1,0
138833,21,1,84,107.7,34.9,7,1,0,1,0
138837,59,0,54,61.8,26,6,0,0,1,0
138840,32,1,88,76.1,24.9,9.5,5,1,1,0
138841,35,0,83,143.8,52.6,8,6,0,1,0
138846,36,0,82,58,22.7,7.5,2,0,1,0
138847,80,0,77,52.6,22.9,10,0,0,1,1
138852,36,1,73,121.1,36.4,7,9,0,1,0
138854,38,1,80,86.3,25.1,8,0,0,1,0
138855,52,0,76,67.6,26.2,6,12,0,1,1
138856,75,1,39,56.8,21.2,9,1,1,1,0
138857,67,1,68,78.9,29.1,10,4,0,1,1
138858,39,1,73,74.7,24,8,0,0,1,0
138859,28,0,71,68.8,31.7,7.5,0,0,1,0
138865,25,0,67,68,27.1,7.5,3,0,1,0
138868,26,1,68,148.1,48.7,9,0,0,1,0
138871,45,1,75,122.4,35.7,8,10,0,1,1
138872,60,1,62,92.8,27.7,9,0,0,1,0
138873,40,0,73,62.1,28,6,11,1,1,0
138875,30,1,70,89.7,29.8,8.5,1,0,1,0
138877,61,1,80,97.7,30.7,5.5,0,1,1,0
138878,23,0,90,60.7,21.8,8.5,15,0,1,0
138880,61,0,77,56.7,21.9,7.5,0,0,1,0
138882,28,0,64,74.4,25.5,8,0,0,1,0
138883,40,0,85,97.3,36.4,8,2,0,1,0
138884,64,1,74,126.1,40.1,8,4,0,1,0
138888,66,0,73,74.1,25.6,4,16,1,1,0
138889,75,1,77,74.7,24.6,8,2,0,1,0
138893,39,1,60,91.3,27.3,8,2,0,1,0
138894,80,1,63,68.2,27,6,2,0,1,0
138896,67,0,57,63,22.8,7,0,0,1,0
138901,69,1,90,76,24.5,6,19,0,1,1
138902,67,1,86,87.9,27.3,8,2,0,1,0
138903,66,1,51,90.9,32,7.5,2,0,1,0
138905,71,0,99,56.7,23.4,8,3,1,1,0
138907,30,1,53,70.2,21.4,8,0,0,1,0
138910,76,0,59,61.6,24.8,8,0,0,1,0
138912,65,0,70,83.5,32.5,5,3,0,1,0
138913,31,0,62,79.7,30.8,10,2,1,1,0
138916,28,0,67,71.6,25.6,8,8,0,1,0
138918,80,0,68,88.5,36.1,10,1,1,1,0
138921,68,0,80,74.1,26.8,8,4,0,1,0
138926,64,0,66,75.6,29.6,8,14,0,1,1
138928,72,0,60,63.5,22.4,8.5,0,0,1,0
138929,80,0,65,55.4,21.5,7,5,0,1,0
138930,28,0,78,100.3,37.7,8,10,0,1,0
138935,54,1,75,90.7,32.8,2,19,1,1,1
138936,21,1,49,102.1,34.3,9,5,0,1,0
138937,80,1,57,64.5,23.4,10,2,0,1,0
138940,22,1,60,63.5,27.4,5,13,0,1,0
138941,71,0,85,78.7,26.3,9,0,0,1,0
138942,38,0,50,78.1,29.3,6,15,0,1,0
138943,62,1,50,88.6,30.2,7,2,0,1,1
138945,62,0,81,59.4,22.6,5,2,0,1,0
138946,70,1,78,71.7,24,8.5,1,0,1,0
138947,38,0,72,91.3,36.3,8,1,0,1,0
138949,51,0,71,122.3,45.2,6.5,0,0,1,0
138953,67,0,54,66,24.9,9,1,0,1,0
138955,57,0,50,75.3,31.4,8,0,0,1,0
138956,39,0,79,63.9,24.5,7,7,0,1,0
138959,37,0,70,69.2,23.7,9,1,0,1,0
138960,76,1,60,75.1,24,9,0,0,1,0
138963,59,0,72,53,20.6,8,1,0,1,0
138964,22,0,95,49.9,17.5,6,11,0,1,0
138965,54,0,72,83.9,35.9,7.5,1,0,1,0
138967,68,0,65,75,26.1,8,8,0,1,0
138968,79,0,54,103.7,42.1,4.5,7,0,1,1
138969,29,1,54,68.2,24.7,8,3,0,1,0
138971,37,0,90,87.6,28.9,3,5,0,1,0
138972,77,0,89,85.9,30.5,6.5,8,0,1,1
138973,29,0,79,131.9,45,8.5,2,0,1,0
138978,75,0,77,67.5,26.4,7,3,0,1,0
138983,25,0,75,63,24.2,7,5,0,1,0
138984,69,1,99,88.3,29,6,3,0,1,1
138985,77,0,73,59.7,25,9,17,1,1,0
138989,79,1,93,108.4,34,8.5,6,0,1,0
138990,59,0,80,47.8,21.9,8,0,0,1,0
138996,26,0,61,68.9,26.8,10.5,14,1,1,0
138998,71,1,42,96,32.3,4.5,0,0,1,0
138999,72,1,57,115.2,41.3,8.5,1,0,1,0
139004,59,0,84,46.2,15.2,2,11,1,1,1
139009,80,1,61,70.4,22,7,2,0,1,1
139010,53,1,75,105.6,30.7,8,0,0,1,0
139013,22,0,60,72.5,31.9,8,7,1,1,0
139016,51,0,74,79.2,31.7,7.5,3,0,1,0
139019,47,0,75,74.6,26.3,5,21,1,1,0
139026,67,0,63,110.3,41.2,6,5,0,1,1
139027,76,0,71,114.3,48.1,7,12,0,1,0
139033,78,0,51,92.9,33.6,5,4,0,1,0
139036,72,0,90,59.2,26.8,8,1,0,1,0
139037,76,0,65,50.8,20.6,8.5,1,0,1,0
139042,34,0,63,56.7,19.3,7,3,1,1,0
139044,66,0,69,74.5,30,8,2,1,1,0
139046,73,0,70,49.5,20.5,7.5,0,0,1,0
139047,35,0,70,60.7,24,7,0,0,1,0
139050,73,1,58,98.5,36.4,6.5,8,0,1,0
139066,63,1,63,64.9,25.8,10,14,1,1,1
139067,80,0,70,48.6,21.4,8.5,2,0,1,1
139072,72,1,77,85.5,25.1,8,0,0,1,0
139074,34,0,78,102.5,40.9,7,6,0,1,0
139078,25,0,65,60.2,24.1,8,9,1,1,0
139079,43,0,67,79,29.3,9,0,1,1,0
139081,39,0,75,108.2,41.5,4.5,11,1,1,0
139084,60,0,88,104.7,41.1,8,1,0,1,0
139085,62,1,82,87.7,26.4,7.5,3,0,1,0
139088,67,0,86,89.3,36.2,8,13,0,1,0
139089,52,1,85,95,30.3,5,4,0,1,0
139090,57,1,45,86.8,30.1,8,21,0,1,0
139093,61,0,55,107.2,39.5,9,2,0,1,0
139096,45,0,64,72.9,25.9,7.5,0,0,1,0
139097,57,1,63,67.6,24.8,7,1,0,1,0
139102,72,1,65,126.8,40,8,6,0,1,1
139104,61,0,68,90.3,33.5,6,9,0,1,0
139111,23,1,63,61.4,21.6,8,8,1,1,0
139115,80,1,77,79.2,30.3,9.5,0,0,1,1
139117,72,1,55,93.8,32.8,4.5,3,0,1,1
139118,65,1,68,75.2,22.7,7,0,0,1,0
139119,28,1,48,86,27.5,7.5,2,0,1,0
139120,34,1,62,81.2,25.9,7,1,0,1,0
139121,24,1,62,80.4,25.8,6,6,1,1,0
139122,58,0,62,76.3,30.6,8,1,0,1,0
139123,41,1,73,88.5,27.9,5,1,0,1,0
139124,39,1,44,87.3,24,8,0,0,1,0
139125,43,1,68,87.5,28.3,8.5,7,0,1,0
139126,60,0,53,63,28.6,7,2,0,1,0
139128,43,1,70,86.7,30.8,7,0,0,1,0
139129,68,0,58,81.5,29.6,8,0,0,1,0
139130,73,1,71,94.6,30.8,5,5,0,1,0
139133,65,0,60,102.8,32,7,2,0,1,0
139136,33,1,84,89.6,33.1,6,4,0,1,0
139138,70,1,71,72.1,24.9,8.5,1,0,1,0
139139,49,1,58,116.9,30.5,8.5,0,0,1,0
139140,68,0,78,96.5,37.8,9,1,0,1,1
139141,75,1,64,90.7,30.7,7.5,10,0,1,0
139144,60,1,78,73.2,28.2,8,4,1,1,1
139149,65,0,71,109.3,39.6,8.5,3,0,1,0
139150,75,1,63,62.4,24,7,0,0,1,0
139153,24,0,95,133.1,51.2,8,10,0,1,0
139156,33,0,73,65.9,22.7,10,6,0,1,0
139157,22,0,85,53.6,22.5,9,6,0,1,0
139158,47,1,65,80.4,25,5,0,0,1,0
139159,70,0,56,106.9,42.1,8.5,1,0,1,0
139160,80,1,54,97,32.5,8.5,3,0,1,0
139161,64,0,63,74,28.7,7.5,8,1,1,0
139162,80,1,66,71.9,24.4,8,1,0,1,0
139163,75,0,67,102.2,40.2,6,6,0,1,0
139164,65,0,81,78.2,28.4,7,1,0,1,1
139171,60,1,77,104.6,36.3,9,11,0,1,1
139173,65,0,81,83,31,8,14,1,1,0
139174,27,1,66,91.8,29.2,7.5,22,0,1,0
139180,68,1,87,58.3,21.2,7,0,1,1,0
139181,27,1,60,73.3,24.3,7.5,10,0,1,0
139182,51,0,60,84.5,29.3,7.5,0,0,1,0
139186,66,1,75,95.3,33.6,6.5,1,1,1,0
139188,57,1,62,83.3,26.7,7,0,0,1,0
139193,72,0,84,122.3,49.3,11,3,0,1,1
139194,41,1,51,78,23.3,5,1,1,1,0
139195,63,1,75,76.8,27.5,9,2,0,1,0
139200,76,1,88,71.4,22.7,7,1,0,1,0
139205,70,0,56,55.2,19.7,7.5,6,0,1,0
139208,57,1,70,74.9,25.9,8.5,3,0,1,0
139209,41,0,81,82.1,28.8,8.5,0,0,1,0
139211,33,1,65,58.8,19.5,6.5,2,0,1,0
139212,67,0,71,68.3,25.8,7.5,0,1,1,1
139213,40,0,93,84.3,33.7,5.5,3,1,1,0
139216,23,0,54,142.2,51.8,8,2,0,1,0
139221,68,0,60,60,25.4,8,1,0,1,0
139223,54,1,62,155.5,50.6,7.5,0,0,1,0
139224,42,0,57,71.5,24.7,8,6,0,1,0
139225,64,1,59,78,24.2,8,2,0,1,0
139227,43,0,63,90.2,38.1,6,12,0,1,0
139229,48,0,54,49.5,20.3,8,0,0,1,0
139231,30,0,66,107.3,35.2,9,4,1,1,0
139232,40,1,71,68.1,23.7,8,3,0,1,0
139237,51,0,60,84.9,31.6,9,4,0,1,0
139244,61,0,68,78.5,25.1,5,3,0,1,0
139246,73,1,63,110.6,35.8,6,0,0,1,1
139249,74,1,51,67.2,22.4,8,0,0,1,0
139252,61,0,65,55.9,22.1,8,6,0,1,0
139253,49,0,68,52.3,19.9,7.5,2,0,1,0
139256,25,0,71,93.3,37.3,8.5,5,0,1,0
139259,73,0,83,80.5,32,7,4,0,1,1
139260,49,1,66,70.8,24.2,7,0,1,1,0
139261,76,1,91,81.2,25.9,4,0,0,1,0
139264,34,0,71,57,23.6,10,5,1,1,0
139265,44,0,67,101.1,42.1,8.5,10,0,1,0
139266,60,0,50,72.1,26.5,6.5,0,0,1,0
139268,68,1,97,97.3,28.9,7,3,0,1,0
139269,61,0,69,80.5,27.1,8,0,0,1,0
139270,50,0,79,52.7,20,4,19,0,1,0
139274,57,0,88,53.2,21.8,7,2,0,1,0
139285,79,1,46,84.1,28.9,7,3,0,1,0
139287,29,0,82,59.4,21.8,7.5,1,0,1,0
139288,44,0,85,122.5,44.6,7,15,0,1,0
139290,55,0,101,94,37.4,4.5,8,0,1,0
139292,29,1,87,94.3,29.9,8,2,0,1,0
139294,49,1,74,156.6,47,6.5,0,0,1,0
139300,62,0,56,61.5,23.6,8,2,0,1,0
139301,80,0,48,60.5,22.3,8,1,0,1,0
139302,55,0,62,95.6,33.7,6,5,0,1,0
139303,35,0,73,70.3,29.3,10.5,0,0,1,0
139304,68,1,69,85.1,27.8,10.5,0,0,1,0
139308,43,0,52,69.8,25.5,6,1,0,1,0
139309,70,0,89,75.1,29.4,9,20,0,1,0
139310,72,0,84,72.8,30.4,10,9,0,1,0
139312,62,0,53,81.2,28.8,5.5,5,0,1,0
139315,73,1,57,77.5,24.9,7,0,0,1,0
139317,24,1,60,70.4,23.3,8,3,0,1,0
139321,27,0,76,61.6,24.3,8,2,0,1,0
139322,46,0,64,119.4,40.4,8.5,3,0,1,0
139325,75,0,53,73.6,31.4,8,4,0,1,0
139326,24,1,68,92.3,31.6,8,20,1,1,0
139329,64,1,68,96.5,35.1,8,0,0,1,0
139331,32,1,65,78.7,21.5,8.5,3,0,1,0
139332,30,1,62,61.4,20,7,2,0,1,0
139336,80,1,60,99.8,29.6,9,11,0,1,1
139337,65,1,70,90.4,27.6,9,0,1,1,0
139338,27,1,65,75.9,25.2,9,0,0,1,0
139342,75,1,90,107.1,33,8,1,0,1,0
139343,59,0,74,53.3,21.6,7.5,1,0,1,0
139344,49,0,71,66.4,25.3,8,7,0,1,0
139347,67,0,56,67.2,25.4,8,2,0,1,0
139351,49,0,73,70.9,30.9,8,4,1,1,0
139352,21,1,66,67.9,22.5,6.5,0,0,1,0
139353,47,1,89,130.3,44.2,6.5,0,0,1,0
139356,46,0,61,72.8,26.9,8.5,4,0,1,0
139360,57,0,77,105.3,40.9,7.5,2,0,1,0
139361,80,0,88,82.6,33.1,10,3,0,1,0
139362,70,1,63,75.3,25.7,5.5,4,1,1,1
139366,46,1,74,85.4,28.8,8.5,5,1,1,0
139368,63,0,70,68.1,25.6,9.5,10,0,1,0
139370,64,0,76,51.8,17.3,8,1,1,1,0
139373,65,1,72,101.3,31.9,8,1,1,1,1
139374,46,1,73,129.5,40.9,8.5,0,1,1,1
139376,41,0,61,82.7,25.9,7,2,0,1,0
139381,55,0,53,94.4,34.4,7,0,0,1,0
139388,42,0,80,65.6,23,7,4,0,1,0
139389,63,0,64,89.3,33.9,8,3,0,1,0
139392,69,0,84,105.7,39.6,7.5,1,0,1,0
139398,62,0,62,76.1,33.4,8,4,0,1,0
139401,68,0,73,69.4,30.1,8,2,0,1,0
139402,65,1,82,95.6,29.7,7,0,0,1,0
139404,66,0,76,54.3,22.6,8.5,2,0,1,0
139407,68,0,66,91.2,36.3,8.5,3,0,1,0
139413,74,1,62,118.9,32.9,9,18,0,1,1
139416,60,1,69,82.8,25.5,7,0,0,1,0
139417,63,1,69,94.9,30.8,9,1,0,1,0
139418,39,1,64,77.7,27.1,8.5,2,0,1,0
139420,28,1,55,75.4,24,8,4,1,1,0
139421,70,0,77,70.5,27.4,7,0,0,1,0
139423,62,1,83,84.8,27.4,8,0,0,1,0
139424,32,0,51,83.5,36.2,8,11,0,1,0
139425,52,1,87,143.7,51.3,5.5,9,0,1,0
139426,71,0,61,91.9,37.1,7.5,2,0,1,0
139435,49,0,81,80.4,30,7,5,1,1,0
139437,41,1,73,118.4,34.8,9,0,0,1,1
139438,56,1,71,80,25.9,6.5,0,0,1,0
139443,70,1,86,72.4,25.6,6,1,0,1,0
139446,80,0,55,55.9,20.9,8,1,0,1,1
139447,58,0,64,69.9,22.2,9,3,0,1,0
139448,63,0,78,78.1,32.5,8,6,0,1,0
139450,33,0,72,73.4,25.2,9,2,0,1,0
139458,20,1,70,91,26,8,0,0,1,0
139459,71,1,70,114.3,34,8.5,0,0,1,0
139461,62,1,77,95.9,32.7,7,0,0,1,0
139462,80,1,56,93.6,32.5,9,9,0,1,1
139464,37,0,60,62.5,23.3,9,0,0,1,0
139465,34,0,84,120.8,48.7,6,2,0,1,0
139466,78,1,76,69.7,24.5,6,21,0,1,0
139470,66,1,83,64.6,23.6,6.5,7,0,1,0
139473,61,0,60,56.6,24.6,7.5,1,0,1,0
139475,80,0,111,87.4,31.8,8,3,0,1,1
139483,33,1,77,148.1,43.1,7,9,0,1,0
139485,51,1,50,64,19.5,9.5,3,1,1,0
139488,25,1,63,88,31.4,5,5,0,1,0
139491,40,1,67,73.2,21.8,9,3,0,1,0
139494,64,0,82,61.2,22.5,8,6,0,1,0
139496,56,1,61,104.5,34.2,9,3,0,1,0
139497,73,0,55,82.5,28.1,7.5,0,0,1,0
139498,62,0,91,92.2,39.2,2,19,0,1,0
139500,73,0,82,51.7,22.1,10,5,1,1,1
139502,31,0,77,77.1,31.3,7.5,9,0,1,0
139504,63,0,66,50.4,19.9,6.5,11,0,1,0
139509,20,1,65,95.9,27.6,8,0,0,1,0
139510,33,0,61,144.5,52.6,9,2,0,1,0
139514,80,0,63,50.3,19.1,8.5,0,0,1,1
139515,62,1,83,58.3,20.4,9,0,1,1,0
139520,64,1,88,104.4,34.1,6,0,0,1,0
139521,80,1,71,88,30.5,5,1,0,1,0
139522,72,0,70,57.8,26.4,4,5,0,1,1
139523,61,0,81,63.9,27.2,9,4,1,1,0
139524,60,1,64,54,20.2,9,0,1,1,0
139529,36,1,86,87.1,27.2,9,8,1,1,0
139530,42,0,101,83.6,28.6,9,0,0,1,1
139532,61,1,52,68.9,23.9,7.5,2,0,1,0
139533,40,0,81,173.4,61.4,7.5,8,0,1,0
139537,39,0,54,67.7,27.2,8,3,0,1,0
139543,41,1,77,91.4,27.7,8,3,1,1,0
139548,77,0,70,67.2,25,8,1,0,1,0
139551,73,1,54,109.7,33.9,8,3,0,1,0
139553,46,0,106,53.2,20.8,9,20,0,1,0
139559,40,0,81,122.8,49.8,4.5,9,1,1,0
139560,25,1,66,64.8,22.4,7.5,17,1,1,0
139561,28,1,79,81.3,27,8,2,0,1,0
139562,62,1,73,127.3,39.4,6.5,2,0,1,0
139568,30,1,71,70.3,22.2,7,3,0,1,0
139569,39,0,73,145.2,63,9,16,0,1,0
139570,27,0,80,105,41.9,9,0,0,1,0
139571,31,0,72,103.4,38.9,7.5,11,0,1,0
139574,46,1,61,68,19.9,7,7,1,1,1
139588,76,1,64,87.9,28.9,9,8,1,1,1
139593,66,0,66,60.4,24.4,7.5,2,0,1,0
139595,64,1,68,79.5,24.5,7.5,2,0,1,0
139596,75,0,56,78.3,28.5,10.5,1,0,1,0
139597,66,0,61,62.1,25.4,9.5,0,0,1,1
139601,22,1,57,57.9,19.8,8,0,0,1,0
139603,64,1,88,78,27.6,7.5,3,0,1,0
139605,76,0,70,60.5,24.5,9,1,0,1,0
139607,63,0,73,99.7,37.9,7.5,2,0,1,0
139608,53,0,75,65.1,24.9,6.5,6,0,1,0
139610,60,1,59,87.6,29,8,0,0,1,0
139613,62,0,62,80,29.9,8.5,5,0,1,0
139614,52,1,89,87.4,31.5,8,3,0,1,0
139616,67,1,55,95.6,31.4,4,9,0,1,0
139621,38,0,78,52.2,19.6,9,5,1,1,0
139623,51,0,67,100.7,35.8,9,12,1,1,1
139626,68,1,73,84.7,29.7,10,3,1,1,0
139628,44,1,84,113.9,34,7.5,6,0,1,0
139630,69,1,58,89.6,30.6,8,0,0,1,0
139636,38,0,77,102.3,41.9,9.5,2,0,1,0
139638,71,0,81,55.7,19.7,7,1,0,1,0
139640,58,1,78,99.7,32.6,8,1,0,1,0
139650,37,0,71,77.9,26.2,8,10,0,1,0
139658,39,0,75,151,56.1,7,11,0,1,0
139660,36,0,70,61.4,26.1,6,7,1,1,0
139663,71,1,61,81.4,28.5,6,0,0,1,0
139667,37,0,80,60.6,22.4,7.5,9,0,1,0
139674,68,0,78,64.8,29.5,8,0,0,1,0
139676,71,0,52,73.1,30.3,10,6,0,1,1
139677,52,0,75,53.8,23,5,0,0,1,0
139678,73,1,91,99,31.6,5,8,0,1,0
139679,75,0,78,48.2,21.2,8.5,1,0,1,0
139680,45,0,55,41.2,18.4,7.5,21,1,1,0
139681,45,0,65,67.5,25.4,12,6,0,1,0
139682,35,0,82,73.8,26.5,8,0,0,1,0
139685,73,1,63,109.5,38,8,0,0,1,0
139686,32,1,52,70.7,23.5,6.5,0,0,1,0
139687,65,0,72,65.1,23.2,8.5,2,0,1,0
139689,70,1,74,73.1,29.2,7,12,0,1,0
139692,57,0,58,77.9,29,7.5,0,0,1,0
139695,68,0,79,94.5,35.3,7,3,0,1,1
139699,45,1,84,129.6,39.8,8,0,0,1,0
139700,57,0,77,95.3,34.8,6,2,0,1,0
139702,40,1,81,70.7,22.3,4,4,0,1,0
139705,42,1,58,82.2,27.6,7.5,1,0,1,0
139706,68,0,86,74.9,32.5,8,6,0,1,0
139707,28,0,74,65.7,23.8,6.5,0,0,1,0
139717,27,1,97,49.1,17.8,4,16,1,1,0
139723,39,1,77,91.6,32.8,9,1,0,1,0
139725,61,0,61,54,19.1,7.5,3,0,1,0
139727,60,0,83,111.5,38.8,9,7,0,1,0
139728,31,0,80,87.4,32.1,6.5,2,0,1,0
139729,23,0,66,47.6,17.1,6,2,0,1,0
139730,67,1,83,89.5,37,10,2,0,1,1
139733,73,1,55,79.8,27,8,0,0,1,0
139735,28,1,57,65.3,22.7,4.5,4,0,1,0
139737,64,1,73,87.3,31.6,10,0,1,1,0
139738,31,1,70,96,30.3,8,0,1,1,0
139740,71,1,71,92.6,29.5,8.5,0,0,1,0
139743,49,1,61,81.6,26.9,6,0,0,1,0
139745,50,0,80,80.2,30.4,7.5,4,0,1,0
139747,56,1,68,88.4,29.2,8,6,0,1,0
139751,76,0,59,62.4,25.8,8.5,0,0,1,1
139752,60,0,60,100.2,38.1,8.5,7,0,1,0
139753,25,1,69,62.7,22.2,7,10,0,1,0
139754,53,1,62,155.5,45.8,9,6,0,1,0
139758,56,0,82,54.8,20.1,10,1,0,1,0
139764,62,0,57,92.6,36.4,9,1,0,1,0
139767,47,0,71,52.8,19.8,5,2,0,1,0
139770,46,0,68,70.4,30.2,13,24,0,1,0
139774,61,0,60,82.5,32.7,8,1,0,1,0
139775,32,0,67,80.5,29.6,6.5,8,0,1,0
139776,51,0,73,68.9,26.1,8,1,0,1,0
139777,40,1,77,86.7,25.9,7,4,0,1,0
139780,72,1,55,95.6,30.2,8.5,2,1,1,1
139781,74,0,76,86.6,36.6,8,1,0,1,0
139782,37,1,84,81.8,25,8,0,0,1,0
139786,22,0,80,54.9,20.8,8.5,6,0,1,0
139787,76,1,71,124.5,37,7.5,0,0,1,0
139789,34,1,57,76.5,25.1,9,1,1,1,0
139790,80,1,82,92.2,32.1,7.5,3,0,1,1
139793,79,1,66,110.3,31.8,9.5,7,0,1,1
139795,21,1,82,120.1,36.8,9,6,0,1,0
139796,43,0,90,81.7,28.5,7.5,3,0,1,0
139798,69,0,78,100.9,37.7,7,11,0,1,0
139799,61,0,81,79,31.6,4,14,1,1,1
139804,38,0,86,135.1,47.8,6,5,1,1,0
139808,70,1,66,100.2,34.5,9,1,0,1,0
139809,46,0,72,85.2,34.7,4,14,0,1,0
139814,47,0,59,64.4,27.6,9.5,4,0,1,0
139815,51,0,87,75.9,29.5,5,13,0,1,0
139816,29,0,80,113.1,40.9,6.5,3,0,1,0
139817,66,0,74,91,37.1,9,3,0,1,0
139819,62,0,60,62.8,23.3,8.5,3,0,1,1
139820,45,1,84,96.6,33.3,6.5,1,0,1,0
139827,80,1,45,84.1,30.3,8,4,0,1,1
139829,68,0,75,114.9,40.1,8,3,0,1,0
139830,73,0,70,74.2,31.1,8,0,0,1,1
139833,51,1,75,97,30.9,7,2,0,1,0
139840,56,1,59,114.7,34.1,8.5,0,0,1,0
139844,57,1,66,58.3,23.9,7.5,3,0,1,0
139851,60,1,64,72.9,26.5,7.5,0,0,1,0
139853,44,0,80,89.9,31,7.5,9,0,1,0
139854,56,0,54,82.7,34.3,8,1,0,1,0
139856,35,1,78,98.9,32,5,0,1,1,0
139857,64,1,91,56.5,19.6,7,0,0,1,0
139859,25,0,91,69,30.1,7.5,11,0,1,0
139863,71,1,89,141.1,43.7,7,4,0,1,1
139865,21,1,87,120.5,32,9,17,0,1,0
139867,69,0,49,90.5,39.1,9.5,3,0,1,0
139868,21,0,80,57.2,23,6,21,0,1,0
139870,42,0,77,82.8,31.7,8,7,0,1,0
139871,35,0,90,64,27.2,13,1,0,1,0
139873,71,0,57,60.7,24.5,4.5,2,0,1,0
139874,42,0,77,146.4,53,7,8,1,1,0
139879,63,1,71,67.8,25.4,6.5,3,0,1,0
139888,70,0,58,64.8,23.7,8,5,0,1,1
139889,30,0,59,65.6,28.5,8,1,0,1,0
139890,38,0,72,110.5,42.1,8,17,1,1,0
139895,73,1,65,89.3,30.3,9,7,0,1,1
139897,33,1,69,121.7,36.5,8,2,0,1,0
139899,41,1,69,202.8,60.6,4,3,0,1,0
139900,76,1,60,67.3,23.4,8,0,1,1,0
139903,60,0,62,68.1,24.9,8,2,0,1,0
139907,53,1,81,58.7,22.6,4.5,15,1,1,0
139910,67,1,64,64.6,23.6,6,2,0,1,1
139912,62,1,55,68.4,22.7,8,0,0,1,0
139917,71,0,72,76.6,28.2,10,2,0,1,0
139918,55,1,54,104.4,31.9,8,1,0,1,0
139919,68,1,73,106,29.1,9,0,0,1,0
139920,65,0,86,109.6,36.5,9,8,0,1,0
139921,37,0,78,63.2,24.9,7.5,0,0,1,0
139922,30,0,81,55.3,18.6,7.5,9,0,1,0
139926,71,0,79,67.3,26.8,10,1,0,1,0
139931,39,0,69,69.5,30.8,8,4,0,1,0
139933,70,0,118,85.5,35.1,14,18,0,1,1
139934,46,0,50,113.4,38.9,9.5,11,0,1,0
139935,69,0,55,112.3,44.9,5.5,0,0,1,0
139936,72,0,79,58.8,23.3,8,2,0,1,0
139937,39,0,55,81.7,27.6,6,2,0,1,0
139939,34,1,69,62.4,23.9,7.5,0,1,1,0
139941,43,0,92,59.7,20.1,7.5,9,0,1,0
139942,30,0,69,71.5,27.5,7.5,13,0,1,0
139944,54,0,78,79.5,29.5,7,0,1,1,0
139946,68,1,68,131.8,47.9,7,19,0,1,0
139949,76,0,76,101.9,38.1,8,3,0,1,0
139950,76,0,70,63.9,25.6,8.5,12,0,1,0
139951,69,1,64,81.5,25,8,1,0,1,0
139954,62,1,58,78.6,27,9,1,0,1,1
139959,70,1,64,95.9,35.3,8,4,0,1,0
139965,69,1,62,66.3,22.2,7,1,0,1,0
139967,21,1,96,102,31,7.5,23,0,1,0
139972,67,0,72,101.3,36.2,7,1,0,1,0
139974,70,0,58,65,24.6,6,10,1,1,0
139977,69,1,66,82.1,30.6,7.5,1,0,1,1
139978,61,1,72,90.2,28.2,4,0,0,1,0
139980,31,1,81,77,28.8,8,4,0,1,0
139981,45,1,103,174.5,61.5,8,0,0,1,1
139983,60,0,78,81.3,35.8,7.5,0,0,1,0
139984,62,1,57,94.9,26.8,8,2,0,1,0
139987,29,1,69,95.6,28.6,5,2,0,1,0
139995,69,1,90,92.9,31.4,8,5,0,0,0
139997,27,1,64,92.2,30.5,8.5,3,0,1,0
139998,66,0,91,52.3,22.9,8,1,0,1,0
140000,24,0,108,58,21.2,7.5,3,1,1,0
140001,41,1,49,77.1,24.4,7,2,0,1,0
140004,58,1,65,111.7,34.7,11.5,4,0,1,0
140006,31,1,77,82.4,24.9,8,1,0,1,0
140011,55,1,57,99.9,33.7,8.5,4,0,1,0
140013,30,0,87,97.5,35,9.5,24,0,1,1
140014,39,1,50,96.2,30.2,7,0,0,1,0
140016,22,1,75,76.2,24.5,9.5,5,0,1,0
140019,33,0,81,47.3,20.8,8,2,0,1,0
140020,53,0,66,60.1,23.2,7.5,1,0,1,0
140021,72,1,61,104.1,41.1,7.5,2,0,1,1
140022,62,0,62,74.1,26.5,7.5,6,0,1,0
140023,52,0,73,97.7,34.7,7,3,0,1,0
140024,80,0,76,55.7,27.6,6,3,0,1,0
140025,21,1,78,118.7,35.9,10,9,0,1,0
140028,69,0,96,80.2,33.1,6.5,2,0,1,0
140034,51,1,113,130,38.6,8.5,1,0,1,0
140037,50,1,74,60.9,21.7,8,1,0,1,0
140039,72,0,76,120.1,47.6,10,7,0,1,0
140040,67,1,55,79.8,25.6,7,2,0,1,0
140041,72,1,67,91.4,30.6,8,1,0,1,1
140042,51,0,62,64.8,23,7.5,0,0,1,0
140043,33,1,51,92.4,29.6,6,12,1,1,0
140045,27,0,74,72.2,26.6,8,8,0,1,0
140049,69,0,68,92.9,34.3,7,2,0,1,1
140053,69,1,72,95.1,29.4,9,8,0,1,1
140055,30,1,87,80.2,23.2,11,9,1,1,0
140058,56,1,55,86.3,28,7.5,3,0,1,0
140059,31,0,63,94.8,34,9.5,7,0,1,0
140064,67,0,60,126.4,41.7,5.5,0,0,1,0
140067,55,0,68,121.3,52.6,11,9,0,1,1
140068,63,0,67,82.1,29.2,7,0,0,1,0
140069,37,0,90,65.7,27.6,6,1,0,1,0
140070,64,1,59,73.2,26.4,9,1,0,1,0
140073,63,1,110,112.7,38.5,12,17,0,1,1
140074,79,1,68,92.4,33.3,7,7,0,1,0
140075,38,1,85,98.4,31.3,8,3,0,1,1
140078,48,0,57,69.9,25.5,7.5,0,0,1,0
140081,30,0,60,72.2,24.6,8,4,0,1,0
140086,73,1,53,100.8,35.1,2,3,0,1,1
140088,76,0,57,56.1,21.9,7.5,3,0,1,0
140090,37,0,74,60.9,25.8,7.5,3,0,1,0
140091,59,0,65,87,34.3,8,2,0,1,0
140092,57,1,61,78.7,27.4,8,2,1,1,0
140094,29,0,83,56,21.7,7,2,0,1,0
140095,59,1,75,85.3,30.8,4,0,1,1,1
140096,80,0,82,54.1,23.4,7,0,0,1,0
140097,49,1,63,105.7,30.2,7,1,0,1,0
140101,24,1,83,64.8,23.6,8,16,0,1,0
140104,47,0,83,67.5,26.2,7.5,6,0,1,0
140105,78,0,73,82.4,36.3,8.5,5,0,1,1
140109,57,1,98,78.2,25.1,8,9,1,1,1
140110,55,0,104,92.1,35.9,9,25,1,1,0
140111,25,0,77,78.8,24.8,7.5,7,0,1,0
140112,22,0,75,64.7,23.3,9,4,0,1,0
140115,42,1,62,124.6,37,6.5,4,1,1,0
140117,26,0,74,106.6,40.9,7.5,4,0,1,0
140118,59,1,69,86.3,30.8,7.5,1,0,1,0
140119,34,0,69,90.1,32.7,7.5,10,0,1,0
140121,24,0,86,52.8,21,5,0,0,1,0
140122,37,0,77,142,50.3,7,4,0,1,0
140127,65,0,66,74.2,26,6.5,3,0,1,0
140129,42,0,60,63.2,22,8,2,0,1,0
140130,64,0,59,65.9,22.5,8.5,0,0,1,1
140134,63,1,49,87,27.3,7.5,1,0,1,0
140135,80,0,68,98.5,40.8,7.5,3,0,1,1
140137,50,0,84,67.4,32.4,7,0,0,1,0
140139,64,0,62,74.8,26.1,7.5,2,0,1,0
140144,68,0,98,86.7,31,7.5,13,0,1,0
140145,60,0,87,85.8,33,11,10,0,1,0
140148,53,0,56,61.2,23.7,7,3,0,1,0
140149,65,1,66,94.8,31,9,2,0,1,0
140153,38,0,79,103.5,36.3,6.5,3,0,1,0
140155,21,0,73,56.9,22.1,8,4,0,1,0
140158,63,1,85,98.8,30.3,8,23,0,1,0
140161,73,1,78,94.8,30.9,5,1,0,1,0
140163,80,0,55,62.1,24,8,2,0,1,0
140165,71,1,65,76,24.7,7,0,0,1,0
140166,22,1,68,111.9,35.1,8,9,0,1,0
140169,32,1,63,86.1,24.6,8.5,0,0,1,0
140172,79,0,64,68.5,26.7,10,0,0,1,1
140173,35,0,75,106.6,40.5,5,6,0,1,0
140176,31,1,96,56.1,17.1,5,21,1,1,0
140178,68,0,74,74.9,31.5,10,4,1,1,0
140179,67,1,50,78.2,27.9,8,2,0,1,0
140180,34,0,85,79.7,29.3,7.5,9,0,1,0
140181,53,1,55,107.8,32.7,14,10,1,1,1
140182,24,0,75,68.3,22.4,8,11,0,1,0
140184,36,1,69,78.2,24.8,6.5,3,0,1,0
140187,40,0,35,78.2,31,7.5,3,0,1,0
140189,80,0,70,59.8,23.4,8,6,0,1,1
140193,64,0,58,107,38.2,8,1,0,1,0
140194,55,0,63,63.4,28.1,10,6,0,1,0
140197,67,1,58,90.1,26.5,7,0,0,1,0
140200,66,1,55,70.7,18.6,4.5,1,0,1,0
140201,48,0,84,89.7,36.3,7,6,0,1,0
140208,65,0,69,105.8,40.8,4,3,0,1,1
140212,68,1,69,105.4,32.5,9,3,0,1,1
140214,72,1,79,104.4,30.5,8,4,0,1,0
140216,80,1,60,74.6,26.3,9,6,0,1,1
140221,63,0,70,113.4,43.3,7.5,10,0,1,0
140223,37,1,75,78.3,26,11,16,1,1,0
140224,64,0,61,79.9,27.7,8.5,0,0,1,0
140226,46,0,66,73.1,27.2,7,2,1,1,0
140228,63,0,65,44.1,19.7,9,5,0,1,0
140230,69,1,85,95.3,30.2,7,13,0,1,0
140232,57,0,93,71.9,29.1,8,0,0,1,0
140237,31,0,75,82.4,26.8,7.5,1,0,1,0
140239,24,0,75,77.8,26.7,8.5,1,0,1,0
140243,27,0,65,78.2,27.8,10,2,0,1,0
140245,68,1,71,65.7,21.3,8,0,0,1,0
140246,70,0,60,58.4,26.3,8,2,0,1,0
140248,25,1,52,121.1,35.4,8,11,1,1,0
140249,35,0,103,52.7,20.4,9,0,0,1,0
140252,53,0,63,80.2,34.2,7.5,0,0,1,0
140254,67,1,94,97.9,34.8,6.5,0,0,1,0
140262,23,0,69,62.87,26.5,8,4,0,1,0
140265,41,0,74,68.6,26.5,4,4,0,1,0
140269,67,0,129,76.3,32.1,8,0,0,1,1
140272,66,1,78,86.9,27.3,6,1,0,1,0
140276,63,1,65,91,28.3,9.5,0,0,1,0
140280,33,1,49,58.1,19.2,6,0,1,1,0
140281,69,0,70,72.3,31,8,1,0,1,0
140282,73,1,67,89.6,31.4,9.5,0,0,1,0
140288,34,0,82,95.2,39.6,8.5,4,0,1,0
140293,63,0,68,75.9,28.9,9,8,0,1,0
140298,35,1,64,110.1,35.7,7.5,3,1,1,0
140299,25,0,88,131.8,44.8,11,7,0,1,0
140302,69,0,65,73.8,29.7,8.5,2,1,1,1
140303,69,0,51,86.4,34.5,8,0,0,1,0
140304,33,0,68,95.1,39.8,8,2,0,1,0
140311,25,0,72,110.2,41.5,6.5,4,0,1,0
140313,31,0,98,81.4,29.9,5,6,0,1,0
140314,64,1,83,146.7,49.8,7,1,0,1,1
140315,33,1,79,83.6,26.8,5.5,3,0,1,0
140316,44,0,80,88.6,35.1,6,4,0,1,0
140319,65,1,58,115.4,34.4,8,5,0,1,0
140320,67,1,51,81.1,25.4,9,7,0,1,0
140321,76,1,71,97.4,35.8,7.5,2,0,1,0
140322,29,0,75,107.5,48.6,9,10,0,1,0
140327,63,0,53,68.7,24.3,8,3,0,1,0
140328,75,1,75,103.6,32.3,8,1,0,1,0
140330,80,1,49,66.6,24.6,8.5,0,0,1,1
140332,64,1,58,109.2,32.6,6,2,0,1,1
140333,42,1,71,83.6,25.3,7.5,3,0,1,0
140336,41,0,71,70.6,27.3,8.5,5,0,1,0
140341,64,0,52,102.4,39.7,9,12,0,1,0
140346,34,0,69,82.5,30.3,7.5,2,0,1,0
140347,34,0,73,74.2,29,10,11,0,1,0
140350,50,1,76,93.5,27.8,7.5,5,0,1,1
140352,20,0,78,55.4,22.8,11,8,0,1,0
140353,67,1,65,80.5,24.6,7,0,0,1,1
140354,49,1,71,96.4,32.3,7.5,0,0,1,0
140355,79,1,53,103.8,31.3,9,1,0,1,0
140357,76,1,78,112.7,33.7,9.5,8,0,1,0
140358,31,0,80,117.4,39.2,8,6,0,1,0
140360,22,1,52,125.4,41.1,7,4,0,1,0
140362,54,1,68,83.9,28.2,6,5,0,1,0
140364,24,1,77,65.2,22.5,8,1,0,1,0
140369,76,0,63,91.7,34.7,7.5,0,0,1,0
140371,31,0,78,73.7,25,9,1,0,1,0
140379,39,0,59,62.9,27.8,10,2,0,1,0
140380,68,1,69,107.3,36.3,8,17,1,1,0
140382,57,0,66,71.7,27.9,7,0,0,1,0
140384,62,0,68,105.2,37.9,8,0,0,1,0
140385,77,0,60,99.7,34.9,5,6,0,1,0
140386,38,1,65,86.8,28.6,6,2,0,1,0
140387,57,0,58,96.1,40.2,7,1,0,1,0
140390,59,0,66,81,32.9,7,1,0,1,0
140398,44,0,69,52.7,17.4,7.5,0,0,1,0
140399,79,1,59,88.2,30.9,9,0,0,1,0
140400,37,0,55,71,25.3,7,2,0,1,0
140404,70,0,80,46.1,20.1,9,1,0,1,0
140405,53,1,63,89.3,30.6,7.5,1,0,1,1
140406,64,0,71,79.9,32.6,7,5,1,1,1
140409,30,1,74,93.6,24.6,8,2,0,1,0
140412,55,0,59,82.6,31.4,7.5,2,0,1,0
140417,56,0,67,55.1,22,8.5,1,0,1,0
140421,80,1,68,87.9,27.3,8,0,0,1,1
140422,24,0,73,51.2,22,7,14,0,1,0
140423,51,0,63,82.9,31.1,7.5,5,0,1,0
140424,61,1,60,71.5,24.4,8,0,0,1,0
140425,66,0,87,57.3,25,7,0,0,1,0
140426,41,1,82,100.2,34.6,9,3,1,1,0
140428,28,0,86,82.9,32,7.5,1,0,1,0
140430,48,0,84,59.7,24.2,7,9,0,1,0
140433,68,0,70,59.4,23.7,8,7,0,1,1
140435,42,0,78,77.2,28.3,8,0,0,1,0
140436,26,1,93,81.1,26.9,7,5,0,1,0
140443,47,0,62,77.8,30.4,7,0,1,1,0
140445,47,0,81,64.6,23.5,7,1,0,1,0
140446,47,0,85,73.9,26.8,8.5,1,0,1,0
140449,35,0,75,103.4,35.4,5,3,0,1,0
140451,73,0,63,76.3,29.7,7,5,1,1,0
140456,80,1,51,108.2,34.9,6.5,2,0,1,1
140459,60,0,74,62,23.1,10,7,1,1,0
140460,71,0,62,92.8,36.4,5.5,0,0,1,0
140466,61,0,76,45,18,9,10,1,1,1
140467,57,1,80,55.7,23.4,8,1,0,1,0
140470,45,1,55,72.3,24.9,8,2,0,1,0
140471,57,0,72,58.9,23.2,7.5,0,0,1,0
140472,76,1,64,83.5,28.7,8,2,0,1,0
140473,53,0,61,105.2,35.6,8,3,0,1,0
140474,64,1,77,71.5,25.7,6.5,1,0,1,0
140475,69,1,52,84.8,29,9.5,0,0,1,1
140476,76,1,79,80,25.5,9,2,0,1,0
140477,61,1,81,55.8,19.2,7,18,1,1,0
140478,43,0,68,83.4,35.4,9,11,0,1,0
140482,55,0,63,75.6,26.7,6.5,2,0,1,0
140483,80,1,70,87.1,30,9,9,0,1,0
140485,78,1,61,84.7,26.6,8.5,0,0,1,0
140486,62,1,82,109.8,36.6,8,2,0,1,0
140490,65,1,86,133.8,41.1,7.5,0,0,1,0
140492,46,0,112,54.9,24.7,8,15,0,1,0
140493,63,0,81,84.5,33,8.5,14,0,1,0
140494,30,1,60,78.5,25.5,8.5,3,0,1,0
140495,45,0,63,89.8,33.5,7.5,0,0,1,0
140498,56,0,80,74.6,33.1,7,3,0,1,0
140499,57,0,73,110.7,46,8,0,0,1,0
140502,54,1,80,100.1,37.5,6.5,2,0,1,0
140505,53,0,70,113.6,43.8,8.5,0,0,1,0
140507,22,1,65,96.4,30.7,3,17,0,1,0
140508,27,1,72,109.5,35.1,6.5,2,0,1,1
140509,68,0,75,81.8,35.5,8.5,5,0,1,0
140511,80,1,69,86.8,28.4,8,2,0,1,1
140512,36,0,72,57.8,21.7,7,1,0,1,0
140514,43,1,68,66,20.6,9,3,0,1,0
140517,66,1,91,84.3,29.3,7,0,0,1,1
140518,60,1,77,88,26.1,8.5,2,0,1,0
140521,23,0,69,68.5,27.1,11,4,0,1,0
140523,49,0,76,61,29.4,6,0,0,1,0
140524,33,1,70,69.8,24.9,7,2,0,1,0
140525,23,0,77,78.8,25.2,8.5,1,0,1,0
140529,41,0,84,113.1,38.8,6,5,0,1,0
140530,25,0,116,60.7,25.4,10,4,0,1,0
140531,58,0,78,96.8,38.8,6.5,7,0,1,1
140532,29,0,77,78.6,32.5,8.5,11,0,1,0
140533,27,1,78,63.2,21.9,8.5,2,0,1,0
140539,41,1,69,86.5,29.2,8,0,1,1,0
140540,38,1,73,121.7,37.7,6,7,0,1,0
140543,65,0,75,90.6,28.8,6,1,0,1,0
140547,39,0,60,145.2,55.7,7,7,0,1,0
140548,60,1,71,77.5,22.2,7,0,0,1,0
140550,63,1,61,55.4,20.1,8.5,2,1,1,0
140552,59,1,60,109.9,33.7,9.5,0,0,1,0
140554,75,0,52,90.5,40,8,3,0,1,0
140555,61,0,75,73.1,27.8,6,0,0,1,0
140556,69,1,94,86,29.5,8,1,0,1,0
140558,59,0,76,77.8,28.6,6,1,0,1,0
140559,24,0,86,69.1,26.6,9,8,0,1,0
140561,59,0,68,67.2,27.3,9,3,0,1,0
140562,65,0,75,63.2,23.1,8,20,0,1,0
140564,60,0,78,103.8,34.7,6,11,0,1,0
140568,70,1,69,64.7,24.8,8.5,0,0,1,0
140570,60,0,77,173.3,64.7,4,5,1,1,0
140578,68,0,78,57.7,21.9,10,6,0,1,0
140579,27,1,77,63.9,21.6,8,2,0,1,0
140580,70,0,58,90,32.2,6.5,13,0,1,1
140581,75,0,60,87.6,37.1,8,4,0,1,1
140582,61,0,83,77.3,30.5,8,1,0,1,0
140583,31,1,72,95.3,32.5,6.5,5,0,1,0
140584,62,0,78,83.4,31.2,8,1,0,1,0
140586,27,1,88,78.6,26.2,7.5,13,0,1,0
140595,29,0,64,75.5,28.3,7.5,2,0,1,0
140596,62,1,69,76.8,29.9,6,6,0,1,1
140604,67,1,62,82.9,28.3,6.5,3,0,1,0
140607,71,1,57,83.9,28.4,9,13,0,1,1
140609,21,0,78,86.4,32.4,8.5,4,0,1,0
140613,34,1,64,92.3,26.4,7.5,1,0,1,0
140614,35,1,95,110,38,9.5,5,0,1,0
140615,40,1,61,87.7,27.9,8,2,0,1,0
140616,42,0,81,101.7,38.4,7,10,0,1,1
140618,24,1,72,91.1,26.8,6,0,0,1,0
140620,63,0,57,90,32.8,7,5,0,1,0
140621,65,0,90,54.6,22.4,9,0,1,1,0
140626,65,1,62,87.8,28.7,8.5,0,1,1,0
140627,70,0,71,60.8,23.7,9,0,0,1,1
140628,71,0,76,59.5,23.4,8,0,0,1,0
140629,69,0,71,58.3,21.9,8,3,0,1,0
140631,34,0,61,74.3,25.7,9,4,0,1,0
140633,39,0,58,65.6,24,8,2,0,1,0
140636,53,0,96,113.7,39.7,6,2,0,1,0
140637,71,1,67,83.4,27.6,7,2,0,1,1
140639,61,0,75,82.3,28.6,8,1,0,1,0
140640,40,1,58,60.8,20.8,7.5,1,0,1,0
140641,43,0,75,91.4,34.2,8,2,1,1,0
140644,21,0,67,108.3,44.1,9,5,0,1,0
140646,73,0,86,100.4,37.1,9,2,0,1,0
140648,22,1,75,86.1,33.7,8.5,4,0,1,0
140649,59,1,89,92.1,29.3,10,5,0,1,0
140651,80,0,59,105.4,41.6,9,1,0,1,0
140658,79,0,67,53.2,21.9,7,7,0,1,0
140659,72,1,68,77,29.7,8,3,0,1,1
140661,71,0,62,105.7,42.3,7.5,2,0,1,0
140665,59,1,81,115.8,36.5,9.5,4,0,1,1
140667,67,0,80,94.5,37.3,9,0,0,1,0
140672,29,0,67,66.8,27.4,7.5,2,0,1,0
140673,67,1,63,100.8,28.6,8,2,0,1,0
140674,53,0,74,105,42.7,6,3,0,1,1
140680,80,0,57,60.2,21.4,10,5,0,1,0
140682,52,0,86,95.9,38.1,5.5,10,0,1,0
140683,44,1,65,63.6,24.6,9,0,0,1,0
140684,75,0,67,69.4,28.4,6,0,0,1,0
140686,67,0,74,63.8,21.6,7,0,0,1,0
140690,36,1,67,97.5,29.1,8,5,0,1,0
140692,53,1,67,110.3,35.9,10,6,0,1,1
140694,70,0,49,81.5,27.2,8,3,0,1,0
140697,49,0,62,71.5,28,8,0,1,1,0
140698,21,0,98,52.9,18.5,9,7,0,1,0
140699,66,1,59,68.4,22.7,9,0,0,1,1
140703,40,1,76,54.3,18.7,8,7,1,1,0
140706,30,0,85,48.4,22.1,7,10,0,1,0
140708,34,1,77,94,30.9,7,3,0,1,0
140710,46,0,77,102.8,36.5,9,9,0,1,0
140718,61,0,75,103.1,41.5,7.5,3,0,1,0
140720,61,0,93,81.5,33.6,7,0,0,1,1
140723,65,1,63,113.5,33.9,6.5,3,0,1,0
140724,46,1,68,106.5,34.5,8,1,0,1,0
140726,24,0,85,83.3,34.9,9.5,18,0,1,0
140727,45,0,61,73.8,26.8,8,3,1,1,0
140728,38,1,63,72.5,26.6,6.5,0,0,1,0
140729,65,0,81,57.4,21,8.5,0,0,1,0
140731,42,0,79,69.7,25.1,9,6,0,1,0
140735,38,1,53,87.7,31.1,7,10,0,1,0
140740,49,1,91,94.8,30.5,9.5,0,0,1,0
140742,65,0,64,109.9,40.2,10,6,0,1,0
140745,57,1,70,141.2,44.9,7,2,0,1,0
140748,76,0,63,93,35.3,8.5,3,0,1,0
140749,71,0,63,68,29,8,1,0,1,0
140752,77,0,76,100,39.7,2,5,0,1,0
140753,36,0,81,47.6,22.3,7.5,1,0,1,0
140754,65,0,98,79.6,30.7,8,2,0,1,1
140756,48,1,59,98.7,33.2,7,3,1,1,0
140757,58,0,63,65.3,28.2,8,12,0,1,0
140758,35,1,67,84.6,27.9,9,0,1,1,0
140760,75,0,80,80,31.9,8,1,0,1,0
140761,80,1,78,68.8,24.5,8,3,0,1,1
140762,56,0,76,102.8,35.1,7,4,0,1,0
140766,62,1,56,124.3,42,9.5,7,0,1,0
140771,34,0,67,74.1,29.9,7,7,0,1,0
140773,60,1,57,82.5,27.9,8.5,2,0,1,0
140776,64,1,56,94.4,28.6,3.5,5,0,1,0
140777,53,0,72,82.2,33.3,8,8,0,1,0
140781,39,0,79,85.2,35.6,7,0,0,1,0
140783,41,0,82,79.1,27.8,8,2,0,1,0
140786,34,1,56,75.1,27.2,6,0,0,1,0
140787,33,0,62,109.7,43.5,9.5,6,0,1,0
140788,64,1,68,91.2,29,4,5,0,1,0
140790,72,1,60,89.7,29.3,8,1,0,1,0
140792,56,1,51,78.6,23.7,8,1,0,1,0
140794,23,0,82,82.7,32.1,7,7,0,1,0
140795,70,1,65,120.1,34.2,7.5,8,0,1,1
140797,20,0,96,66.2,23.9,9,3,0,1,0
140801,58,1,89,74.3,27.4,8,0,1,1,0
140803,57,0,66,57.6,21.8,7.5,5,0,1,0
140804,30,1,84,82.8,25.1,8.5,5,1,1,0
140805,59,1,55,65.6,24.4,7,0,0,1,0
140807,53,0,59,104.1,34.9,8.5,5,0,1,0
140808,27,0,73,64.4,23.4,6,8,0,1,0
140812,63,0,75,87.7,36.6,9,3,0,1,0
140813,75,1,54,47.8,18.2,6.5,5,1,1,0
140817,44,1,53,64.8,24.8,7.5,0,0,1,0
140818,79,0,39,65,26.5,7.5,1,0,1,0
140821,80,1,58,57.5,20.6,11,0,0,1,0
140823,26,0,98,77.6,28.4,8,10,0,1,0
140824,24,0,63,57.9,20.8,7.5,3,0,1,0
140827,57,0,65,51.1,18.4,8.5,0,0,1,0
140829,33,0,66,80.1,31.4,7,0,0,1,0
140830,33,1,57,84.2,29.1,5.5,7,0,1,0
140831,41,1,61,108.5,29.5,6,5,1,1,0
140832,60,0,79,88,35.6,8,2,0,1,0
140833,62,0,89,71.6,30,7.5,1,0,1,0
140834,73,0,87,73.1,28,8,0,0,1,0
140836,52,0,67,123.1,51.2,9,0,0,1,0
140841,54,1,93,65.6,21.2,6,7,1,1,0
140845,39,0,64,67.5,25.9,6,9,0,1,0
140850,31,0,65,92.8,34.6,6,4,0,1,0
140851,26,1,64,98.5,29.3,8.5,2,0,1,0
140852,80,0,82,60.3,25.5,8,4,0,1,1
140854,64,0,62,56.3,20.5,8,0,0,1,0
140855,27,0,76,162.5,50,6,10,0,1,0
140856,66,0,66,85.3,33.4,9,0,0,1,0
140862,33,0,75,47.9,18.7,8.5,5,0,1,0
140864,72,0,63,68.3,28.5,7,2,0,1,1
140865,32,0,67,62.6,28,7.5,3,0,1,0
140867,39,0,104,105.5,35.5,9,8,0,1,0
140870,44,0,85,97.1,33.2,8,5,0,1,0
140873,66,1,56,95.9,31.1,9.5,3,0,1,0
140875,25,0,77,55.7,22.9,7,10,0,1,0
140876,40,1,57,91,29.1,9.5,0,1,1,0
140878,64,0,75,51.4,20.7,7.5,0,0,1,0
140879,72,0,74,61.7,29.4,10,6,0,1,0
140887,74,0,72,74.1,30.6,8,15,0,1,0
140888,46,0,69,65.8,26.5,10.5,20,1,1,0
140892,41,0,69,61,22.9,6.5,0,0,1,0
140893,32,0,75,80.6,28.3,6,9,0,1,0
140894,46,1,73,87.4,30.2,7.5,1,0,1,0
140895,62,0,61,71.1,27.4,8,0,0,1,0
140897,60,0,74,92,35.1,4.5,2,0,1,0
140904,59,0,84,88.7,37.2,10,11,1,1,1
140905,68,0,62,99.7,37.6,8,0,0,1,0
140907,80,1,82,95.4,30.1,8.5,2,0,1,1
140909,65,0,63,60,22.7,8,1,0,1,0
140910,67,0,58,44.1,16.6,9,3,0,1,0
140913,45,1,48,87,26.1,6.5,0,0,1,0
140914,78,0,73,46.9,18.3,8,0,0,1,1
140915,67,1,59,59.2,20.3,7,2,0,1,0
140916,63,1,83,67.5,18.4,9,2,1,1,0
140918,53,1,76,98.4,34.7,8,0,0,1,0
140919,67,0,63,64.5,25.1,8,0,0,1,0
140920,41,0,70,126.9,39.8,8.5,11,0,1,0
140924,60,1,59,103.6,28.5,7.5,10,0,1,0
140925,54,0,88,112,39.6,7,5,0,1,0
140928,80,1,58,70.4,24.6,8,10,0,1,0
140930,26,1,57,99.3,28.7,7.5,0,0,1,0
140931,66,0,70,84.8,33.8,9,8,0,1,0
140933,67,0,71,74.3,30.1,6.5,0,0,1,0
140934,64,1,77,106,33.2,7,1,0,1,1
140935,52,0,89,113.8,40.5,7.5,0,0,1,0
140937,63,1,51,122.8,36.9,6,2,0,1,0
140942,55,0,58,72.4,26.7,8.5,8,0,1,0
140945,76,1,57,87,30.4,7.5,2,0,1,0
140946,56,1,54,107.3,31.2,9,8,1,1,0
140947,50,0,83,67.4,26.8,7,17,0,1,0
140950,25,0,88,90.6,28.5,8,7,0,1,0
140951,73,0,76,69.8,31.6,6.5,0,0,1,1
140953,40,0,66,60.4,22.4,8.5,11,0,1,0
140956,28,1,66,75.5,24.5,8.5,7,0,1,0
140960,32,1,77,116,38.3,7,0,0,1,0
140961,68,0,61,88.5,36.6,6,9,0,1,0
140964,79,1,64,111.9,36.8,9,6,1,1,1
140968,34,0,100,79.2,33.5,8,19,0,1,0
140970,66,1,68,78.5,27.9,3,7,1,1,0
140971,43,0,88,122.9,48.5,5,15,1,1,0
140975,62,1,81,78.5,26.7,9,3,1,1,0
140978,59,0,94,122.8,45.9,9,9,0,1,0
140980,63,1,74,95.9,26.3,6,11,0,1,0
140985,75,0,53,88.1,33.2,5,0,0,1,1
140986,42,1,78,74.2,23.4,7,2,0,1,0
140987,70,1,70,92.8,30.5,8,3,1,1,1
140990,61,0,58,59.1,21.2,9,0,0,1,0
140992,80,0,91,117.5,43.1,7.5,0,0,1,1
140995,41,0,72,66.4,29,8,0,0,1,0
140996,73,1,87,99.9,30.1,9,0,0,1,0
140997,52,0,84,111.2,38.3,7.5,1,0,1,0
141001,32,0,65,84.8,31.1,9,11,0,1,0
141003,30,0,77,121.2,41.8,7,5,0,1,0
141006,80,1,61,67.2,24,7.5,0,0,1,0
141010,72,1,81,73.9,28.9,10,2,0,1,0
141012,36,1,46,77.1,23.3,8,1,0,1,0
141014,61,1,50,84,24.7,9,2,0,1,0
141021,54,1,71,72.1,25.6,7,4,0,1,0
141024,49,1,83,111.1,32.7,8,1,1,1,1
141027,59,1,59,80.4,28.1,8.5,0,0,1,0
141028,59,0,85,65.2,30.2,8.5,1,0,1,0
141031,49,1,71,97.3,30.1,7,1,0,1,0
141032,45,1,69,76.9,24.2,9,4,0,1,0
141033,70,1,58,91.9,31.3,7.5,0,0,1,0
141037,27,0,61,91.9,32,7,4,0,1,0
141039,80,0,69,51.4,22.4,6,4,0,1,1
141040,28,1,67,128.2,38.2,6,4,1,1,0
141041,55,0,66,64.4,30.7,9,4,0,1,0
141046,36,0,54,71.1,24.2,8,6,0,1,0
141047,80,0,61,74,30.1,8,5,0,1,0
141049,61,1,66,56.6,22.2,7,1,1,1,0
141050,62,1,71,102.9,33.6,7.5,0,0,1,0
141058,42,1,57,84.9,26.3,7.5,0,0,1,0
141060,65,0,67,57,25.4,7.5,2,0,1,0
141061,44,0,61,66.6,23.7,7,0,0,1,0
141062,63,0,64,57.7,24.6,8,0,1,1,0
141065,50,1,72,85.6,30,7,1,0,1,0
141066,74,1,57,83.2,28.7,7,0,0,1,1
141068,75,0,57,76,27.3,9,0,0,1,0
141073,72,1,83,64.6,22.9,6,6,1,1,0
141075,61,1,65,89.6,29.6,6.5,24,0,1,0
141077,58,1,65,112.8,43.1,5,0,0,1,0
141079,77,0,62,72.7,26.9,9.5,6,0,1,0
141081,70,1,58,96.5,31.9,8.5,1,0,1,0
141084,66,1,68,70.9,23.2,5,1,0,1,0
141085,80,1,48,112.9,39.7,5,18,0,1,1
141086,38,0,63,61.8,24.4,7,1,0,1,0
141088,58,0,74,83.6,28,8.5,17,0,1,0
141093,22,1,68,58.6,19.8,12,10,0,1,0
141095,38,0,80,65.7,24,8.5,0,0,1,0
141096,34,0,67,59,22.4,8.5,0,0,1,0
141097,60,0,61,71.5,29.6,7.5,3,0,1,0
141100,56,1,81,142.6,49.2,8,0,0,1,0
141101,59,0,71,79.8,31.2,6,18,1,1,0
141104,80,1,69,51.2,20.5,7,5,1,1,1
141110,65,0,74,68.9,23.5,7,1,0,1,0
141113,49,1,78,80.3,25.7,7.5,0,0,1,0
141114,65,1,68,84.6,25.9,7,9,1,1,0
141116,53,0,77,71,28.6,10,3,0,1,0
141117,34,0,95,116.1,38.1,6,5,0,1,0
141120,53,1,57,54.3,18.3,7,0,0,1,0
141121,30,1,53,85.9,27.1,3,3,1,1,0
141122,46,1,65,87,29.2,8,0,0,1,0
141123,54,0,74,45.3,18.1,8,12,0,1,0
141126,55,0,69,52.8,22.2,6,7,0,1,0
141127,71,0,88,78.3,29,9.5,2,0,1,0
141129,61,1,92,76.1,21.7,6.5,1,0,1,1
141130,59,0,77,69.8,27.7,8,2,0,1,0
141133,55,1,67,86.1,26.5,8,3,0,1,0
141134,70,1,62,65.8,22,7.5,1,0,1,0
141135,68,0,60,72.2,28.9,7,6,1,1,0
141136,28,1,60,87.3,29.4,11,9,0,1,0
141139,30,0,85,103.4,37.6,8,3,0,1,0
141141,51,0,68,60.7,23.8,7.5,2,1,1,0
141144,80,0,67,83.2,33.3,7.5,0,0,1,0
141145,61,0,72,68.8,27.7,8.5,0,0,1,0
141148,48,1,67,123.3,35.3,7,1,0,1,0
141151,52,1,81,87.9,30.2,8,0,0,1,0
141154,64,1,60,84.6,28.6,9,0,0,1,0
141159,71,1,88,76.2,23.5,10,6,1,1,0
141161,34,0,54,76.4,23,7,1,0,1,0
141163,20,1,66,96.1,29.1,8,0,0,1,0
141165,58,0,53,71.6,26.9,7.5,1,0,1,0
141166,39,0,73,68.3,26,11,5,1,1,0
141167,30,1,71,58.4,19.3,7,0,1,1,0
141168,34,0,57,78,30.9,7,11,0,1,0
141170,70,1,72,103.5,32.9,4,6,0,1,0
141172,29,0,72,77.3,27.7,5.5,7,1,1,0
141173,50,1,78,86.4,32.7,8,0,1,1,0
141174,64,1,66,84.1,31.6,7,5,0,1,0
141176,73,1,63,87.7,29.9,7,1,0,1,0
141177,70,0,77,77,29.2,4.5,11,0,1,1
141178,59,0,60,86.3,31.2,8.5,0,0,1,0
141179,55,0,66,62.5,24.7,7,2,0,1,0
141180,57,1,93,124.3,36.2,8,8,1,1,0
141182,42,0,79,73.5,28.8,7,2,0,1,0
141183,30,0,64,58.5,22.1,8.5,5,0,1,0
141184,79,1,69,101.1,33.6,7.5,3,0,1,0
141185,42,1,92,134.6,40.4,7.5,2,0,1,0
141186,71,0,66,95.1,41.7,7.5,1,0,1,0
141188,80,0,63,89.9,35.3,11,10,0,1,1
141189,34,0,74,77.6,29.1,7,6,0,1,0
141193,37,1,70,96.9,35,7,2,0,1,0
141194,57,1,77,101.9,31.2,8,1,0,1,0
141196,54,0,73,86.5,33.7,7,14,0,1,0
141197,39,0,94,118.9,44.8,5,9,0,1,0
141199,68,1,67,79.5,29.8,8.5,1,0,1,1
141204,20,1,62,57.8,19,6,6,0,1,0
141205,71,0,79,72.7,27.5,8,0,0,1,0
141208,59,1,64,82.6,26.2,7,0,0,1,0
141210,80,1,69,77,24.9,9,2,0,1,1
141211,78,0,65,58.5,23.3,6,0,0,1,0
141213,41,1,61,116.8,33.6,8.5,1,0,1,0
141215,55,1,69,96.5,31.4,9,0,0,1,0
141216,32,1,68,94.5,30.7,6,1,0,1,0
141218,72,1,77,68.4,26.1,8,3,0,1,0
141225,67,0,113,81.4,36.2,7.5,3,0,1,1
141227,50,0,83,92.7,40,10.5,3,0,1,0
141230,32,1,85,77.4,26.9,6.5,0,0,1,0
141232,53,1,70,85.9,26.7,7.5,1,0,1,0
141234,49,1,68,68.1,25.1,8,11,1,1,0
141236,72,1,59,68.8,24.7,7.5,6,0,1,0
141244,53,0,82,53.5,21.8,3.5,3,1,1,0
141247,55,0,80,88.1,31.7,3,6,0,1,0
141249,45,0,103,81.9,27.8,9.5,6,0,1,0
141252,56,1,94,152.2,45.1,8,2,0,1,0
141253,53,1,59,75.3,24.5,9,0,1,1,1
141260,80,1,85,111.6,31.7,7,1,0,1,0
141261,51,1,84,82.7,29.2,6.5,0,1,1,1
141263,31,0,63,60.9,21.5,9,5,0,1,0
141264,50,0,69,72.4,29.4,6,11,0,1,1
141269,48,1,60,105,31.6,7,12,0,1,0
141270,67,0,67,60.2,24.9,7.5,1,0,1,0
141271,75,0,65,78.6,29.5,9,0,0,1,0
141273,47,0,61,75.1,30.4,7.5,1,0,1,0
141274,28,0,77,66.6,26.5,9,7,0,1,0
141275,61,0,55,71,24.2,7,2,0,1,0
141277,65,0,80,74.1,27.7,7,15,0,1,0
141282,58,1,67,175.8,50.5,7,0,0,1,0
141283,61,0,89,82.5,30.8,10,0,1,1,0
141285,38,0,67,68.5,26.9,7,7,0,1,0
141289,80,1,61,74.4,23.1,8.5,3,0,1,0
141290,62,1,55,82.9,27,6,6,0,1,0
141293,23,1,74,60.8,20.2,10,6,0,1,0
141294,68,0,60,60.5,23.3,7.5,0,0,1,0
141295,61,0,74,59.4,22.9,9.5,8,1,1,0
141296,50,0,69,87.7,36.6,7,6,0,1,0
141297,33,1,76,85.8,29,7.5,0,0,1,0
141300,31,0,84,82.1,29.7,9,3,0,1,0
141301,70,0,50,89.3,36.7,7.5,3,0,1,1
141302,77,0,68,80,27.8,8,0,0,1,1
141303,62,1,63,133.7,34.4,5.5,1,0,1,1
141305,71,1,62,86.6,26.8,8,5,0,1,0
141306,45,1,74,103.4,29.7,9,0,1,1,0
141307,66,0,60,70.8,27.5,9,1,0,1,0
141309,55,1,59,93.4,29,7.5,0,0,1,0
141311,74,0,68,61.9,22.9,9,0,0,1,0
141312,63,0,97,108.2,42.2,9.5,7,1,1,0
141315,47,0,64,118.7,43.6,5,18,1,1,1
141317,61,0,69,111,34.6,12.5,19,0,1,0
141318,30,1,65,87.4,26.9,9,11,1,1,0
141319,24,0,78,91.5,33.6,8.5,1,0,1,0
141323,71,1,56,150.9,46.3,8,1,0,1,0
141324,26,0,102,105.3,36.9,8,10,0,1,0
141325,30,0,80,73.5,29.5,10,0,0,1,0
141328,61,0,54,56.4,22.6,7,2,0,1,0
141329,32,1,75,70.6,22.9,7,3,0,1,0
141330,61,1,67,107.2,31.8,8,0,0,1,0
141334,79,1,81,91.8,28.1,8.5,1,0,1,0
141335,71,0,61,77.7,26.3,9,1,0,1,0
141337,32,0,86,81.4,31.2,7.5,7,1,1,0
141345,31,0,80,69.9,25.8,9,0,0,1,0
141348,69,0,73,87.3,35,6,7,0,1,0
141349,74,1,55,92.9,28.2,9,0,0,1,0
141353,56,0,64,84.1,37.7,9,0,0,1,0
141357,71,1,81,60.2,22.4,5,10,0,1,0
141362,42,1,103,80,24.6,8.5,4,1,1,0
141365,72,0,76,88.1,35,7,0,0,1,0
141366,53,1,62,75.6,25.6,7.5,4,0,1,0
141368,48,1,85,76.1,25.7,7.5,0,0,1,0
141370,75,0,58,104.2,42.4,10.5,17,0,1,0
141372,68,1,58,83.2,31.2,8,4,0,1,0
141374,30,0,89,61.6,25.8,7.5,6,1,1,0
141375,49,0,67,83,30.6,8,7,0,1,0
141378,35,1,74,101.3,31.1,7.5,5,0,1,0
141379,34,1,82,79.5,25.2,6,9,0,1,0
141381,50,1,76,98.3,31,6.5,0,0,1,0
141383,20,1,68,91.1,26.5,9.5,1,0,1,0
141385,23,0,77,46.4,17.9,9,8,0,1,0
141386,60,0,69,75.5,30.7,7,0,0,1,0
141387,40,0,66,60.6,23.8,6,18,1,1,0
141392,80,0,79,67.7,29.8,8.5,3,0,1,0
141393,62,0,73,73.5,25.2,8,4,0,1,0
141395,59,1,81,108.3,39.6,7,4,0,1,0
141396,40,0,80,49.3,18.3,8.5,8,0,1,0
141399,72,0,62,57.9,21.8,8,2,0,1,0
141401,58,0,64,80.9,30.1,8.5,0,0,1,0
141403,55,1,72,82.4,25.7,11,3,0,1,1
141405,70,0,61,58.4,25.3,7.5,0,0,1,0
141407,64,0,83,86.6,28.2,9,0,0,1,0
141408,42,0,90,53.9,21.3,8,3,1,1,0
141413,22,0,63,82,27.8,8,8,0,1,0
141415,68,1,89,97.4,32.2,6.5,7,0,1,0
141417,56,0,78,49.1,16.7,7.5,1,0,1,0
141418,32,1,80,133.6,49,9,0,0,1,0
141420,61,1,59,111.2,31.1,7,0,0,1,0
141426,34,0,62,45.3,20.1,7,5,0,1,0
141428,32,1,94,127.2,44.4,8,8,0,1,0
141431,65,1,57,113.4,41,8,1,0,1,0
141435,35,1,69,93.6,30.6,9,0,0,1,0
141441,56,0,79,78.5,27,6,8,1,1,0
141442,29,1,69,63.4,22.1,6,8,0,1,0
141444,29,0,41,67.9,24.1,7.5,8,0,1,0
141447,21,1,58,98,33.4,10,13,1,1,0
141448,80,0,63,44.3,19.4,9,5,0,1,0
141450,74,1,53,88.4,27.3,5.5,0,0,1,0
141453,35,0,69,59.7,22.5,6,0,0,1,0
141459,79,0,48,59.5,23.3,7,10,0,1,1
141464,43,1,83,104.2,34.6,8,0,0,1,0
141465,75,0,57,118.7,57.6,11,1,0,1,1
141467,59,0,82,91.3,36.3,9.5,5,0,1,0
141468,61,1,56,75.5,24,7.5,0,0,1,0
141469,64,1,71,100.3,29.5,7,2,0,1,0
141470,72,1,72,83.2,30.3,7,0,0,1,0
141476,35,0,61,99.7,42.7,10.5,6,0,1,0
141479,62,0,94,77.5,31.4,5.5,22,1,1,0
141482,20,1,65,71.4,23.7,8,0,0,1,0
141483,71,0,76,53.5,22.7,7.5,1,0,1,0
141484,36,1,48,93.7,27.7,6.5,2,0,1,0
141485,65,0,69,108.1,32.1,6.5,2,0,1,0
141488,80,1,60,134.8,48.6,8.5,8,0,1,0
141489,59,1,84,89.3,28.5,9,1,0,1,0
141495,74,0,74,89.9,34.1,5.5,6,1,1,0
141497,46,0,72,91.4,37.9,7.5,7,0,1,0
141499,64,1,56,69.1,24.5,10,5,1,1,0
141500,38,0,82,70.5,26.2,10,0,0,1,0
141502,80,1,63,54.6,22.8,6,6,0,1,0
141503,62,0,72,71.5,28.4,8,2,0,1,0
141505,24,0,84,41.3,16.1,6.5,2,0,1,0
141507,41,0,105,94.3,35,5,8,1,1,1
141508,68,1,64,94.5,31.2,7.5,0,0,1,1
141510,35,1,60,72.5,27.1,9,0,0,1,0
141511,73,0,60,75.8,30.5,8,0,0,1,0
141515,53,1,88,76.9,27.7,3,11,1,1,0
141521,26,0,71,60.3,24,9.5,6,0,1,0
141525,31,0,74,84,31.4,9,0,0,1,0
141528,26,1,76,74,22,8.5,3,0,1,0
141537,42,0,68,58,21.6,9,4,0,1,0
141538,70,0,68,107.8,39.8,10,7,0,1,0
141540,74,0,103,90.1,33.8,6.5,6,0,1,1
141547,53,0,69,69.7,25.8,7.5,2,0,1,0
141549,48,0,79,71.8,26,8,1,1,1,0
141550,34,1,103,92,30.4,7.5,0,0,1,0
141553,24,0,74,41.7,14.9,8,3,0,1,0
141555,60,1,67,69.9,20,5,0,1,1,0
141557,59,0,53,68.8,26.6,5,1,1,1,0
141558,39,0,73,77.2,27.3,9,5,0,1,0
141561,66,0,92,52.4,20.9,6.5,4,0,1,0
141567,59,1,87,132.6,46.9,7.5,5,1,1,0
141568,72,0,80,65.1,27.2,7.5,5,0,1,0
141570,80,0,76,55.4,26.4,9,1,0,1,1
141573,37,0,66,109.2,45.1,4.5,5,1,1,0
141574,23,0,73,88.6,34.4,7,0,0,1,0
141575,26,1,69,74.2,23.6,8,14,0,1,0
141576,73,0,103,97.7,43.9,10,11,0,1,0
141577,64,1,67,118.5,34.9,7,1,0,1,0
141579,68,0,60,88,33.8,6.5,5,0,1,1
141580,68,0,76,86.4,33.6,7.5,19,1,1,1
141581,62,0,63,109,47.5,9,1,0,1,0
141585,54,0,65,79.9,27.1,7.5,3,0,1,0
141588,65,0,57,70.7,25.8,7,0,0,1,0
141589,32,1,86,132.5,42.5,7.5,0,0,1,0
141591,57,1,59,81.4,25.9,8.5,19,0,1,1
141593,61,1,47,83.9,24.3,7,0,0,1,0
141594,48,1,63,73.8,24.8,8.5,1,0,1,0
141595,43,0,77,54.1,17.8,11,7,0,1,0
141596,71,1,62,68.3,24,8,3,0,1,0
141597,74,1,57,68.8,23.7,8,0,0,1,0
141602,32,0,96,47.7,19,7.5,1,0,1,0
141608,62,1,50,152.1,46.4,8.5,1,0,1,1
141612,32,0,64,86.2,31.8,8,8,1,1,0
141614,52,0,57,71.6,30.3,8.5,1,1,1,0
141615,58,1,55,68.1,23.5,7.5,0,1,1,0
141617,27,1,63,61.4,18.9,8,4,0,1,0
141621,58,1,80,87.7,27.6,6.5,12,1,1,0
141625,74,0,65,91.4,36.5,14,6,0,1,1
141627,72,1,99,91.9,30,8,1,0,1,0
141628,58,0,70,89.9,33.2,8,3,0,1,0
141629,41,1,98,155.4,54.5,9,3,0,1,0
141631,77,0,65,82.8,33.8,8,3,1,1,0
141634,59,0,63,65.6,23.4,9,0,0,1,0
141635,53,0,66,68,27.3,8,0,0,1,0
141636,75,1,49,67.7,24,7.5,4,0,1,0
141640,27,1,80,123.3,42.2,6,15,0,1,0
141641,36,1,71,87.3,26.5,8,6,0,1,0
141642,67,0,101,76.3,32.7,7.5,8,0,1,0
141644,57,0,68,177.9,60.5,6.5,5,0,1,0
141645,69,0,91,82.6,32.1,7,1,1,1,0
141648,33,0,63,66.3,28.4,8,0,0,1,0
141654,62,1,75,78.2,25.6,7.5,2,0,1,0
141655,20,0,69,69.1,28.2,9,2,0,1,0
141660,67,0,92,76.5,29.1,9.5,3,0,1,0
141663,80,0,64,78.7,31.2,7.5,2,0,1,0
141664,59,1,78,118.2,37.5,8,0,0,1,0
141665,66,0,83,55,20,8,2,0,1,0
141669,30,0,76,62.2,22.9,7.5,2,0,1,0
141672,46,1,75,61.4,19.8,7,2,1,1,0
141673,54,0,70,69.6,25,8,0,0,1,0
141675,68,0,83,81.9,28.6,8,4,0,1,0
141676,58,1,77,88.8,24.6,5,0,0,1,0
141677,61,1,53,88.3,31,8.5,0,0,1,1
141678,55,1,75,98.8,30.3,9,7,1,1,0
141684,54,0,73,84.1,31,7,1,1,1,0
141691,55,0,76,108.3,42.3,8,2,0,1,0
141694,74,1,88,72.6,26.9,8,2,0,1,0
141696,58,1,75,104.9,33.4,7,16,0,1,1
141701,63,0,97,71,29.7,10.5,0,0,1,0
141703,27,1,53,99.6,29,9,3,0,1,0
141706,68,1,83,102,31.2,9.5,0,0,1,0
141709,63,0,58,99.5,39,8,7,0,1,0
141714,50,0,81,71.6,24.7,8.5,2,0,1,0
141715,66,1,87,84.4,32.2,2,3,0,1,0
141717,63,1,59,109.4,30.6,8.5,1,0,1,1
141721,80,0,68,88.3,33.3,7,0,0,1,0
141723,41,0,68,95.2,35.2,7.5,1,0,1,0
141728,47,0,79,102.7,40,6,4,1,1,0
141731,68,0,71,74.1,29.7,8,1,0,1,0
141732,65,1,77,81.8,25.9,6,0,0,1,0
141734,75,0,60,69.6,28,8,2,0,1,0
141735,33,0,81,101.7,43.5,10,8,0,1,0
141736,42,0,91,120.7,42.2,5,9,1,1,0
141737,51,1,66,120.3,35.5,8,0,1,1,0
141742,26,0,65,69.9,21.4,6.5,4,0,1,0
141745,60,0,73,53.5,22,4,0,0,1,0
141750,59,0,83,89.9,36.5,6,1,0,1,0
141756,72,0,69,55.9,22.6,8,1,0,1,0
141757,61,1,60,68.1,24,8,0,0,1,0
141760,74,0,87,43,21.4,9,3,0,1,0
141762,77,0,51,71.6,29.3,7.5,0,0,1,0
141763,36,0,85,123.9,49.1,12.5,6,1,1,0
141765,59,0,76,84.9,29.5,7,1,0,1,0
141770,36,0,83,91.4,29.6,7.5,2,0,1,0
141772,71,1,56,82.5,25.5,8,0,0,1,0
141773,64,1,80,89.4,27.7,6,4,0,1,0
141774,62,1,65,76.7,30.8,5.5,2,0,1,0
141777,29,1,70,102.4,35.8,7,2,0,1,0
141781,67,0,74,113.6,38.6,7.5,14,0,1,1
141783,59,1,66,93,32.3,10,8,0,1,0
141785,64,0,71,126.9,51.9,12.5,8,0,1,1
141791,60,0,67,85.5,35.6,7.5,4,0,1,0
141793,69,0,87,62.9,24.4,12,2,0,1,0
141795,39,0,63,83.8,32.9,6,5,0,1,0
141796,66,1,65,86.7,25.5,7,1,0,1,1
141802,23,0,69,94.5,34.9,8.5,11,0,1,0
141803,25,1,73,67.7,23.8,7,10,0,1,0
141811,60,1,88,57.1,19.4,8.5,1,1,1,0
141812,55,0,56,91.5,31.8,8,8,0,1,0
141813,44,1,42,64,23,7.5,5,0,1,0
141815,73,1,72,86.3,26.7,8.5,1,0,1,1
141818,28,1,71,73.5,22.5,7.5,0,0,1,0
141821,71,1,54,80.1,26,5,6,0,1,0
141824,50,0,48,88.1,35.9,6.5,5,0,1,0
141826,68,1,55,85.9,27.6,7,0,0,1,0
141827,20,1,70,73.8,24.2,9,2,0,1,0
141834,40,1,83,80.8,26.7,8.5,0,0,1,0
141842,43,0,61,58,25.6,8,0,0,1,0
141843,60,0,93,104.3,48.2,8,2,1,1,1
141844,45,0,72,80.6,26.4,6.5,7,1,1,0
141845,53,0,76,89.8,30.1,8.5,3,0,1,0
141847,59,0,61,131.6,47.9,6.5,13,0,1,0
141848,44,1,76,76.6,24.3,7.5,3,1,1,0
141850,70,0,60,60.2,25,7.5,2,0,1,0
141851,24,1,60,77.9,20.7,7,0,0,1,0
141858,69,1,59,91.4,26,10,10,0,1,0
141860,62,0,72,80.3,29,6,4,0,1,0
141861,69,0,60,66.5,24.7,6,8,0,1,0
141862,34,0,82,85.1,30.7,7,3,0,1,0
141863,25,0,67,109.8,38.9,8,14,0,1,0
141866,72,1,54,92.2,31.3,9,0,0,1,1
141867,80,0,76,99.1,36,9,0,0,1,0
141869,44,0,87,77.2,27.9,8.5,21,0,1,0
141871,24,1,77,120.5,39,7,18,0,1,0
141872,35,0,64,71.1,29.3,8.5,10,0,1,0
141875,54,0,73,94.2,32.1,8,1,0,1,0
141880,78,0,80,54.8,19.1,9,0,0,1,0
141884,47,0,73,82.8,27.5,7.5,0,0,1,0
141886,62,0,81,119.1,43.1,8,0,0,1,0
141889,33,1,62,119.9,35.6,7,2,0,1,0
141894,80,0,63,57.7,29.5,7,3,0,1,0
141896,25,1,79,98.5,26.8,7.5,1,0,1,0
141903,56,1,57,73.8,24.7,6,0,0,1,0
141908,77,0,74,92,40.3,5,2,0,1,1
141910,60,0,61,63.6,23.6,7.5,3,0,1,0
141912,60,1,79,172,56.9,7,3,0,1,0
141913,65,1,80,80.4,26.9,6,8,0,1,0
141914,35,1,60,71.1,23.7,8,0,0,1,0
141916,27,0,59,54.8,22.4,6.5,1,0,1,0
141918,67,0,74,65.7,25.4,6,14,1,1,0
141922,74,0,86,61.4,24.9,7,18,1,1,0
141923,37,0,78,80.9,31.9,5.5,7,0,1,0
141932,59,1,80,90.7,26,7,0,0,1,0
141933,34,1,51,86.4,25.9,7.5,0,0,1,0
141934,71,1,55,106.7,34.3,9,1,0,1,0
141938,37,1,64,77.9,23.6,6,1,0,1,0
141941,66,0,54,27.9,11.1,7.5,9,0,1,0
141944,72,0,75,58.1,24.4,9,1,0,1,0
141951,60,1,46,74.5,27.4,6.5,6,0,1,0
141952,63,0,61,57.3,23.5,4,0,0,1,0
141957,64,1,65,110.2,33.1,9,3,0,1,0
141958,76,0,60,66.5,27.9,9.5,1,0,1,0
141960,41,1,56,83.1,31.4,7,0,0,1,0
141961,28,0,67,94.3,33.3,7.5,8,0,1,0
141963,80,0,52,85.9,33.8,8,1,0,1,0
141966,62,1,84,144,48.8,9.5,0,0,1,0
141967,68,0,80,108.7,37.7,7,1,0,1,0
141971,32,1,63,84.9,29.8,8,9,1,1,1
141974,65,1,70,123.7,38.6,9,1,0,1,0
141976,64,0,63,87.2,33.6,6,6,0,1,0
141977,55,1,77,86.8,26.4,7,6,1,1,0
141981,21,1,83,72.1,23.4,9,0,1,1,0
141987,37,0,61,69.2,23.3,8,0,0,1,0
141989,79,0,63,70,29.9,8.5,0,0,1,1
141992,31,1,64,107,36.8,8,11,0,1,0
141993,58,0,80,86.7,33.3,7,1,0,1,0
141998,52,1,68,56.2,22.5,7,1,0,1,0
141999,60,0,85,83.9,35.2,7.5,0,1,1,0
142002,64,0,66,83.2,28.9,8,2,0,1,0
142007,71,1,51,88.6,30.8,9,2,0,1,0
142015,73,0,81,77.1,33.5,5,14,0,1,0
142016,68,1,58,88.4,25.9,9.5,0,0,1,0
142019,80,1,73,87.2,31.3,7.5,8,0,1,0
142020,65,0,78,102.9,40,7,1,0,1,0
142024,74,1,54,87.4,25.7,7.5,1,0,1,0
142025,71,0,75,81.9,31.1,4,6,0,1,0
142030,24,0,72,99.4,35.1,6.5,5,0,1,0
142032,22,0,68,62.7,22.2,8,1,0,1,0
142033,78,1,57,101.8,33.5,6,3,0,1,0
142034,45,1,82,133.9,44.2,5.5,9,0,1,0
142036,67,0,59,109,43.8,8,2,1,1,0
142037,75,0,72,52.9,22.1,9,5,0,1,0
142038,23,0,82,80.1,31.3,4,20,0,1,0
142047,40,0,72,95,33.5,7,14,0,1,0
142048,21,1,50,79.3,23.7,7.5,9,0,1,0
142050,48,1,89,147.5,44,9.5,3,0,1,0
142051,51,0,69,78.6,30.7,7.5,5,1,1,0
142055,60,0,65,105.3,39.3,5.5,0,0,1,0
142056,27,1,48,67.6,22.1,9,3,0,1,0
142058,63,0,60,64.1,25.1,8,0,0,1,0
142060,43,0,82,83,34.4,6.5,4,0,1,0
142062,67,0,91,105.5,41,9.5,8,0,1,1
142063,33,0,62,89.1,31.2,5,12,1,1,0
142066,64,0,66,94.7,34.4,8.5,4,0,1,0
142068,27,0,46,80,27.8,8.5,1,0,1,0
142074,32,0,56,55,19.5,8,0,0,1,0
142076,77,1,67,78.5,24,8,1,0,1,0
142077,80,0,64,65.3,26.3,8,8,0,1,1
142078,69,0,61,83.2,32.7,10,3,0,1,1
142079,56,1,86,144.9,43.4,6.5,0,0,1,0
142084,57,0,83,72.3,23.7,3,14,0,1,0
142088,47,0,70,71.7,26.1,7,2,0,1,0
142091,35,0,68,56.6,20.4,7,8,0,1,0
142095,60,1,61,57.8,23.5,7,0,0,1,0
142105,71,0,76,96.2,34,5.5,3,0,1,0
142110,67,0,63,104.9,39.2,7.5,10,0,1,0
142112,39,0,83,54.7,20.3,6,1,0,1,0
142115,34,1,55,148.2,43.9,7,3,0,1,0
142117,29,0,65,78.9,26,8,4,0,1,0
142120,21,1,82,128.3,44.1,10.5,6,0,1,0
142129,24,1,69,93.2,29.4,8,2,0,1,0
142132,62,0,78,62.9,24.7,9,5,0,1,0
142133,61,1,71,91.4,35.2,7,2,0,1,0
142143,44,1,53,90.4,26.6,7,4,0,1,0
142148,36,1,73,75,27.3,5.5,1,0,1,0
142152,53,0,77,99.6,37.7,8,19,0,1,0
142155,51,0,54,50.6,19.9,6.5,4,1,1,1
142157,44,0,57,77.3,35.4,6,16,0,1,0
142161,78,0,62,79.5,33.8,8,6,0,1,0
142162,78,1,52,92.8,28.5,8,5,0,1,1
142164,62,1,76,82.3,25.3,7,4,0,1,0
142169,65,1,58,110.8,35.5,9,1,0,1,1
142170,57,0,72,115.5,43.2,3,6,0,1,0
142171,31,1,74,98.7,33,7.5,9,0,1,0
142172,75,1,62,57,21.6,9,6,1,1,0
142176,65,1,55,90.2,27.7,7.5,0,0,1,0
142177,51,1,75,94.6,33.8,6.5,0,1,1,0
142178,42,1,69,66.7,25.6,8,1,0,1,0
142182,65,0,56,84.5,30,7,3,0,1,0
142185,69,0,91,81.1,30.6,8,0,0,1,0
142191,77,0,66,60.9,23,9,0,0,1,0
142193,66,1,62,85.5,27.9,7,6,0,1,1
142196,80,1,83,59.5,22.3,5,2,0,1,0
142197,80,1,76,61.8,23.1,9,0,0,1,1
142198,68,1,68,94.8,29.7,6.5,0,0,1,0
142200,75,1,54,90.3,28.1,8,3,0,1,0
142204,80,1,72,80.7,30,7,2,0,1,0
142205,57,0,60,86.1,30.9,9,1,0,1,0
142206,60,1,60,100.7,32.2,6.5,6,0,1,0
142208,28,0,62,88.1,34.8,9,1,0,1,0
142211,50,1,63,86,26.7,8,4,0,1,0
142212,71,0,91,62.2,22.1,9,0,0,1,0
142213,59,0,52,51.5,21.8,7.5,0,0,1,0
142215,48,1,95,134.7,46.6,8,0,0,1,0
142216,57,0,65,72.1,24.5,7,1,0,1,0
142219,76,0,45,55.8,21.7,5.5,4,0,1,0
142221,69,1,72,80.4,27,8.5,0,0,1,0
142226,46,0,69,112.3,42.4,7,2,0,1,0
142227,68,0,88,109.3,38.4,8.5,2,0,1,0
142228,77,1,59,92.6,30.3,9,1,0,1,1
142230,43,1,78,169.6,53.2,14,13,1,1,1
142232,62,0,64,55.6,23.2,7.5,12,0,1,0
142236,62,0,66,65.7,27.2,9,0,0,1,0
142239,68,0,84,60.2,25.2,8,12,1,1,0
142241,51,1,93,102.4,34,7.5,8,1,1,1
142242,70,0,63,42.8,17.7,7.5,0,0,1,0
142243,78,1,57,79.2,26.4,9,21,0,1,0
142245,67,0,79,52.4,19.9,8,0,0,1,0
142247,43,1,93,85,26.6,8,3,0,1,0
142252,61,1,63,80.6,24.1,5,22,0,1,0
142253,74,0,63,68.5,27.3,8,2,0,1,0
142255,70,0,70,63.9,24.5,8,4,1,1,1
142258,80,0,72,59.4,24.8,7,11,0,1,1
142259,64,0,65,122.2,43,10,5,0,1,0
142263,44,0,61,61.3,22.6,9,1,0,1,0
142264,63,0,60,71.2,28.1,10,7,0,1,0
142267,57,1,57,74.4,23.8,6,5,0,1,0
142268,32,1,74,75.9,23.5,6,0,0,1,0
142278,51,0,86,83.1,30.2,7,5,1,1,0
142279,72,1,64,95.7,30.5,6.5,4,0,1,0
142280,23,0,74,112.9,38.4,9,16,0,1,0
142283,29,0,74,134.3,45.8,8,13,0,1,0
142284,57,1,49,94.1,26.6,8,2,0,1,0
142286,70,1,59,82.6,28,5.5,6,1,1,1
142287,70,1,56,71.3,23.8,7.5,3,0,1,0
142288,54,0,74,58.2,23.1,8.5,4,0,1,1
142289,68,0,52,46.4,20.9,8,1,0,1,0
142290,60,1,73,104.3,33.1,5,0,1,1,0
142295,80,0,70,94,33.1,8.5,2,0,1,0
142298,60,1,82,111.4,38.5,7,1,0,1,0
142299,33,1,72,113.8,35.7,8,0,0,1,0
142300,46,0,67,75.2,32.6,8.5,3,0,1,0
142302,70,1,65,55.8,21.4,9,0,0,1,0
142303,69,0,76,70.8,27.9,8,0,0,1,1
142308,50,1,58,79.3,26.4,9,0,0,1,0
142309,40,1,80,81.9,25.5,8,0,0,1,0
142310,80,0,77,72.1,27.6,9,1,0,1,0
